DATASET,TOT,BACKWARD,LS,DIRECTION
CUP,71419.351,8696.819999999996,57529.792000000074,115.25500000000082
