DATASET,TOT,BACKWARD,LS,DIRECTION
CUP_,70430.103,7672.163999999973,57001.647000000135,97.88400000000091
