{
    "hyperparameters": {
        "error_goal": 0.0001, 
        "sigma_2": 0.1271700413856595, 
        "sigma_1": 0.0001, 
        "rho": 0.0, 
        "d_m": "modified", 
        "max_epochs": 500, 
        "beta_m": "hs", 
        "activation": "sigmoid -> sigmoid -> identity", 
        "topology": "10 -> 16 -> 32 -> 2"
    }, 
    "statistics": {
        "std": 0.022277458008419505, 
        "values": {
            "train": [
                0.9111983790113763, 
                0.7863701108621576, 
                0.6085508298235329
            ], 
            "validation": [
                1.1606507304935736, 
                1.1515865949148592, 
                1.109517544760716
            ]
        }, 
        "mean": 1.1405849567230495
    }
}