{
    "accuracy_va": [
        0.6705336426914154, 
        0.6705336426914154, 
        0.6705336426914154, 
        0.6705336426914154, 
        0.6705336426914154, 
        0.6705336426914154, 
        0.6705336426914154, 
        0.6705336426914154, 
        0.6705336426914154, 
        0.6705336426914154, 
        0.6682134570765661, 
        0.6102088167053364, 
        0.6194895591647331, 
        0.6612529002320185, 
        0.5475638051044084, 
        0.6635730858468677, 
        0.62877030162413, 
        0.6705336426914154, 
        0.6612529002320185, 
        0.6612529002320185, 
        0.6705336426914154, 
        0.679814385150812, 
        0.5777262180974478, 
        0.7122969837587007, 
        0.6241299303944315, 
        0.7540603248259861, 
        0.7215777262180975, 
        0.7865429234338747, 
        0.7424593967517401, 
        0.8538283062645011, 
        0.8375870069605569, 
        0.9025522041763341, 
        0.9164733178654292, 
        0.9419953596287703, 
        0.9327146171693735, 
        0.9489559164733179, 
        0.951276102088167, 
        0.9767981438515081, 
        0.9767981438515081, 
        0.9976798143851509, 
        1.0, 
        1.0, 
        1.0, 
        1.0, 
        1.0, 
        1.0, 
        1.0, 
        1.0, 
        1.0, 
        1.0, 
        1.0, 
        1.0, 
        1.0, 
        1.0, 
        1.0, 
        1.0, 
        1.0, 
        1.0, 
        1.0, 
        1.0, 
        1.0, 
        1.0
    ], 
    "error": [
        0.12218020555456414, 
        0.12084136641893688, 
        0.12061020005473047, 
        0.11898903298058268, 
        0.11793954411012446, 
        0.11769042052661163, 
        0.1176886772513748, 
        0.1176636253172231, 
        0.1176298323184247, 
        0.11754087632514805, 
        0.11727681872606925, 
        0.11715391952130838, 
        0.11064938615749334, 
        0.11008382056903096, 
        0.10988612857918052, 
        0.10938313129359493, 
        0.1048869940809101, 
        0.10117363026348906, 
        0.09969541988270493, 
        0.09606486010369929, 
        0.09606486010369929, 
        0.09580939326881113, 
        0.0949579892147348, 
        0.0938982353951934, 
        0.08857359273781015, 
        0.08556852638185317, 
        0.07865856395427662, 
        0.07543684300077425, 
        0.06389360473666679, 
        0.06106336554906198, 
        0.04912959578255769, 
        0.03786536890440781, 
        0.03278301238006851, 
        0.02506023653899098, 
        0.02255380823151558, 
        0.01874791184347771, 
        0.016902392289872892, 
        0.013549364327969559, 
        0.00848861265072048, 
        0.007716990702517288, 
        0.003528409874644984, 
        0.0018546816422537534, 
        0.0011055440063875304, 
        0.00047135978345668334, 
        0.0003653277978320301, 
        0.00025488804013539017, 
        0.00022461751387322162, 
        0.00020185003184565887, 
        0.0001891416752363231, 
        0.00017334607147779973, 
        0.00016020589309750566, 
        0.0001490768494985003, 
        0.00013951294310010016, 
        0.00013119385168957248, 
        0.00013021790882947908, 
        0.00012756819660703788, 
        0.00012329704116215316, 
        0.00011687853314872497, 
        0.00011114053865497944, 
        0.00010597661988095625, 
        0.00010372886184497594, 
        0.00010274543975947985, 
        9.990878814636076e-05
    ], 
    "error_va": [
        0.11884619777266986, 
        0.11056258495651407, 
        0.11554369750634555, 
        0.11072869232771171, 
        0.11148789678328207, 
        0.11210966827987036, 
        0.11202822344958649, 
        0.11138227252736525, 
        0.11153900847271975, 
        0.11270801366718577, 
        0.11626398639207182, 
        0.11742870966343218, 
        0.11643976591879468, 
        0.11002833243296092, 
        0.12013625680308376, 
        0.10603774557136408, 
        0.10879069154296446, 
        0.1044027723452886, 
        0.10403277666263581, 
        0.10403277666263588, 
        0.10369125337691393, 
        0.10015622133382095, 
        0.1047361374025286, 
        0.0945181785225871, 
        0.09563078937214325, 
        0.08381130392057483, 
        0.0886991046450464, 
        0.07167945334115364, 
        0.07526788703176544, 
        0.06046805239619362, 
        0.05379219455977351, 
        0.04139312911751011, 
        0.038983665163466324, 
        0.033579100635912996, 
        0.03312459633839573, 
        0.02704530204429615, 
        0.026466742089686114, 
        0.01323575356533682, 
        0.01112165014746447, 
        0.004106641782885784, 
        0.002411046950873796, 
        0.0019368195649291106, 
        0.0007203716321293978, 
        0.0004921033102232428, 
        0.0003958856369442467, 
        0.00034656928016813015, 
        0.0003109556303552677, 
        0.00029107531486597424, 
        0.0002664574743088443, 
        0.000246004676978166, 
        0.0002286804641198728, 
        0.0002137832062764964, 
        0.00020081466633765745, 
        0.00019929238710323952, 
        0.00019515888435359837, 
        0.00018849432281320576, 
        0.0001784747817183086, 
        0.00016951153730985274, 
        0.00016144135781519535, 
        0.0001579272641050632, 
        0.00015638966985954944, 
        0.00015195471462282068, 
        0.00015195471462282068
    ], 
    "gradient_norm": [
        0.03216447353004217, 
        0.030655726729583405, 
        0.031114660434671593, 
        0.029587130731133275, 
        0.03024770350647229, 
        0.03227646843186562, 
        0.03299617458918174, 
        0.03350176718331294, 
        0.037397095163049086, 
        0.06440369409024062, 
        0.1644948359213231, 
        1.0420324651794557, 
        1.023447473342266, 
        0.7788460004039743, 
        0.8278074096505463, 
        0.7387618257000733, 
        0.7906616806585284, 
        0.7639401235951324, 
        0.7753234727509686, 
        0.7753234727509686, 
        0.7741530284116704, 
        0.7584204902942628, 
        0.8433377560423972, 
        0.7775546425921739, 
        0.8381093476832079, 
        0.7350217709609393, 
        2.828598905305145, 
        3.52149116307899, 
        0.7733515259657502, 
        0.7482958507282468, 
        1.3836752765456979, 
        1.511035388163492, 
        1.336519427567723, 
        1.3749668545102682, 
        1.209486303865293, 
        1.1572979996338564, 
        0.932000976449181, 
        0.8419007267593434, 
        0.893797932803521, 
        1.0266192211298368, 
        0.4615987688123744, 
        0.46358418343252716, 
        0.09010692093849088, 
        0.05636875214568082, 
        0.04178893585168345, 
        0.035024927304731335, 
        0.03080307224231596, 
        0.028740362981004793, 
        0.02580073427144409, 
        0.02357047751970327, 
        0.021712911422798395, 
        0.02013833062409416, 
        0.01878477544698053, 
        0.018641562545132738, 
        0.018238920662736507, 
        0.01757658327886519, 
        0.016544160113097593, 
        0.015585642615600522, 
        0.014775980934637025, 
        0.014457242110237136, 
        0.014286784397183132, 
        0.013872635156558157
    ],