{
    "gradient_norm": [
        0.0636311634282782, 
        0.08044971137365807, 
        0.07741376824344788, 
        0.20269284683368935, 
        0.20269284683368935, 
        0.2092868993366807, 
        0.2158831433732036, 
        0.2617392529202919, 
        0.8639889267229862, 
        0.9332565285865397, 
        0.7156733831555658, 
        0.7896634182814247, 
        0.7020896755042263, 
        0.8501799741601643, 
        0.9138647016752859, 
        0.9473985494677032, 
        2.5505081899863917, 
        2.281426171311258, 
        2.4790042895290583, 
        2.514658716387014, 
        2.492796399875031, 
        2.6855240423320685, 
        2.6601729740437183, 
        2.570317255246856, 
        2.551785906920492, 
        2.5859592428033737, 
        2.6772408173123248, 
        2.681335401605452, 
        2.773572167110711, 
        2.7845203286705527, 
        2.7701118618628193, 
        2.8303526763061226, 
        2.833051372620697, 
        2.901020855418252, 
        2.861447787495059, 
        2.818410543805122, 
        2.830191896113768, 
        2.824631878228416, 
        2.770512193436971, 
        2.8671684256496994, 
        2.632459311728071, 
        2.484825715021203, 
        1.9996922712045795, 
        1.7859917695689655, 
        1.606184081753451, 
        1.7867297862353786, 
        1.5368368045242982, 
        1.4949094687460789, 
        1.4964584852344842, 
        1.3922286939486972, 
        1.3859285578280898, 
        1.2513675840922802, 
        1.1395941819865378, 
        2.0771970641261244, 
        1.3063507052492302, 
        2.002963161263494, 
        2.1905656350231926, 
        3.3576947250988582, 
        1.1082566564786078, 
        1.2481240625631056, 
        0.2317559982947226, 
        0.06804277742950368
    ], 
    "accuracy_va": [
        0.4733178654292343, 
        0.5266821345707656, 
        0.45707656612529, 
        0.5823665893271461, 
        0.5823665893271461, 
        0.691415313225058, 
        0.5846867749419954, 
        0.7540603248259861, 
        0.8723897911832946, 
        0.8723897911832946, 
        0.9327146171693735, 
        0.951276102088167, 
        0.9698375870069605, 
        0.9605568445475638, 
        0.9721577726218097, 
        0.9721577726218097, 
        0.9582366589327146, 
        0.9651972157772621, 
        0.951276102088167, 
        0.9373549883990719, 
        0.9373549883990719, 
        0.9489559164733179, 
        0.9419953596287703, 
        0.9396751740139211, 
        0.9466357308584686, 
        0.9350348027842227, 
        0.9350348027842227, 
        0.9350348027842227, 
        0.9396751740139211, 
        0.9350348027842227, 
        0.9396751740139211, 
        0.9350348027842227, 
        0.9350348027842227, 
        0.9327146171693735, 
        0.9327146171693735, 
        0.9303944315545244, 
        0.9350348027842227, 
        0.9350348027842227, 
        0.9280742459396751, 
        0.9350348027842227, 
        0.9373549883990719, 
        0.9327146171693735, 
        0.9327146171693735, 
        0.9327146171693735, 
        0.9303944315545244, 
        0.9327146171693735, 
        0.9327146171693735, 
        0.9327146171693735, 
        0.9327146171693735, 
        0.9327146171693735, 
        0.9350348027842227, 
        0.9350348027842227, 
        0.9350348027842227, 
        0.9373549883990719, 
        0.9396751740139211, 
        0.9466357308584686, 
        0.9466357308584686, 
        0.9303944315545244, 
        0.9164733178654292, 
        0.9211136890951276, 
        0.9211136890951276, 
        0.9187935034802784
    ], 
    "accuracy": [
        0.48760330578512395, 
        0.512396694214876, 
        0.48760330578512395, 
        0.49586776859504134, 
        0.5619834710743802, 
        0.5619834710743802, 
        0.6611570247933884, 
        0.6363636363636364, 
        0.7768595041322314, 
        0.8264462809917356, 
        0.8264462809917356, 
        0.9338842975206612, 
        0.9256198347107438, 
        0.9338842975206612, 
        0.9338842975206612, 
        0.9338842975206612, 
        0.9338842975206612, 
        0.9421487603305785, 
        0.9421487603305785, 
        0.9504132231404959, 
        0.9586776859504132, 
        0.9586776859504132, 
        0.9504132231404959, 
        0.9504132231404959, 
        0.9504132231404959, 
        0.9586776859504132, 
        0.9586776859504132, 
        0.9669421487603306, 
        0.9669421487603306, 
        0.9586776859504132, 
        0.9586776859504132, 
        0.9586776859504132, 
        0.9586776859504132, 
        0.9586776859504132, 
        0.9586776859504132, 
        0.9586776859504132, 
        0.9586776859504132, 
        0.9586776859504132, 
        0.9586776859504132, 
        0.9669421487603306, 
        0.9752066115702479, 
        0.9752066115702479, 
        0.9752066115702479, 
        0.9752066115702479, 
        0.9752066115702479, 
        0.9752066115702479, 
        0.9752066115702479, 
        0.9752066115702479, 
        0.9752066115702479, 
        0.9752066115702479, 
        0.9752066115702479, 
        0.9752066115702479, 
        0.9752066115702479, 
        0.9752066115702479, 
        0.9752066115702479, 
        0.9752066115702479, 
        0.9752066115702479, 
        0.9752066115702479, 
        0.9917355371900827, 
        0.9917355371900827, 
        1.0, 
        1.0
    ], 
    "error_va": [
        0.1322079767494283, 
        0.12473498190972677, 
        0.1256095381838679, 
        0.11575217133880851, 
        0.11575217133880851, 
        0.1142653619645264, 
        0.1165073200845876, 
        0.10939025821239778, 
        0.055301532022705595, 
        0.055301532022705595, 
        0.057323285715130665, 
        0.04141426180047484, 
        0.035763692534256465, 
        0.03695253414295495, 
        0.018234478276846447, 
        0.017218498192833328, 
        0.02159366906868168, 
        0.017754795500177962, 
        0.02318024210517338, 
        0.025102963983422735, 
        0.02464268910293286, 
        0.02192604510959433, 
        0.02421625408159632, 
        0.023747466324660734, 
        0.022207398515099702, 
        0.024684067521276817, 
        0.025898683741245206, 
        0.025748995202791947, 
        0.02482479313862179, 
        0.02559875003349098, 
        0.023999514848876413, 
        0.024485174610457325, 
        0.02573966781179311, 
        0.025952684316202346, 
        0.026562039986887515, 
        0.026806226610500812, 
        0.025998310546700334, 
        0.02603774289195171, 
        0.026623025959173086, 
        0.024682728732463508, 
        0.02574823202018706, 
        0.02602127405699057, 
        0.027326209766955725, 
        0.028624749167819527, 
        0.028344640647680677, 
        0.027106013113706938, 
        0.02782451618417862, 
        0.027613322400515974, 
        0.027286777380680055, 
        0.02779150392867632, 
        0.02692480035419592, 
        0.0272262297961532, 
        0.027390459246089575, 
        0.023599081833409915, 
        0.02414597515100602, 
        0.020727904179282785, 
        0.02022046386699555, 
        0.02450643844108878, 
        0.031618598590620425, 
        0.03049134060271942, 
        0.03443582404890971, 
        0.03503404845658802
    ],