{
    "gradient_norm": [
        0.07239985601064164, 
        0.08507214276646936, 
        0.08164164047493937, 
        0.2183745646823729, 
        0.356155296243794, 
        0.35615529624379405, 
        0.5889583596692728, 
        0.7814221106477138, 
        0.79972401777659, 
        1.0014342958317535, 
        1.0063383913618202, 
        0.9698780267653732, 
        0.6699054410965054, 
        0.6636843092419097, 
        0.6755551363259185, 
        0.7777477053082865, 
        0.7710124237874727, 
        0.8456408841927531, 
        0.9341918878191846, 
        1.0432632884225201, 
        1.0257720635293939, 
        0.9096786873581321, 
        0.8592492142472844, 
        0.7475014992510397, 
        0.6994540988935123, 
        0.6757025124775433, 
        0.6932397233284643, 
        0.6169622047248533, 
        0.612510179125571, 
        0.6658956811534023, 
        0.6232829134250392, 
        0.6258841815829783, 
        0.7359366997370929, 
        0.65883676782496, 
        0.7284348778391186, 
        0.794169069321945, 
        1.2272531214322975, 
        1.18834823216336, 
        0.8444110854212653, 
        0.8690339466879358, 
        0.6652955291773427, 
        0.6556311198517002, 
        0.46154313801950914, 
        0.5202565981477327, 
        0.522845954001803, 
        0.10779981023577986, 
        0.02640776896807138, 
        0.024812665869022865, 
        0.02249499337656921, 
        0.02117644962660673, 
        0.020952126422169568, 
        0.019491346935528044, 
        0.01878072635942076, 
        0.017906554935118252, 
        0.01684344542947361, 
        0.015958432339753633, 
        0.01580048625161421, 
        0.015001684482850037, 
        0.014759494869065769, 
        0.014082507831870174, 
        0.013885141139721729, 
        0.013256046827833412, 
        0.012693568315923479, 
        0.01217564064734393, 
        0.011697236883114092, 
        0.011312548453523247, 
        0.010861613866748034, 
        0.01051471108917987, 
        0.010348429356748453, 
        0.009985460228080207, 
        0.009657922991941691, 
        0.009350639000118179
    ], 
    "accuracy_va": [
        0.6705336426914154, 
        0.6705336426914154, 
        0.6705336426914154, 
        0.6705336426914154, 
        0.6682134570765661, 
        0.6682134570765661, 
        0.654292343387471, 
        0.6218097447795824, 
        0.6334106728538283, 
        0.5893271461716937, 
        0.5870069605568445, 
        0.6148491879350348, 
        0.679814385150812, 
        0.679814385150812, 
        0.6774941995359629, 
        0.617169373549884, 
        0.6844547563805105, 
        0.665893271461717, 
        0.6844547563805105, 
        0.6774941995359629, 
        0.679814385150812, 
        0.7215777262180975, 
        0.7006960556844548, 
        0.7192575406032483, 
        0.7633410672853829, 
        0.740139211136891, 
        0.7378190255220418, 
        0.7424593967517401, 
        0.7424593967517401, 
        0.7610208816705336, 
        0.7749419953596288, 
        0.7935034802784223, 
        0.7981438515081206, 
        0.8051044083526682, 
        0.8259860788863109, 
        0.8375870069605569, 
        0.9860788863109049, 
        0.9651972157772621, 
        0.9953596287703016, 
        0.9814385150812065, 
        1.0, 
        0.9907192575406032, 
        1.0, 
        1.0, 
        1.0, 
        1.0, 
        1.0, 
        1.0, 
        1.0, 
        1.0, 
        1.0, 
        1.0, 
        1.0, 
        1.0, 
        1.0, 
        1.0, 
        1.0, 
        1.0, 
        1.0, 
        1.0, 
        1.0, 
        1.0, 
        1.0, 
        1.0, 
        1.0, 
        1.0, 
        1.0, 
        1.0, 
        1.0, 
        1.0, 
        1.0, 
        1.0
    ], 
    "accuracy": [
        0.38095238095238093, 
        0.6190476190476191, 
        0.6190476190476191, 
        0.6190476190476191, 
        0.6190476190476191, 
        0.625, 
        0.625, 
        0.625, 
        0.6488095238095238, 
        0.6547619047619048, 
        0.6071428571428571, 
        0.6071428571428571, 
        0.6369047619047619, 
        0.7023809523809523, 
        0.7023809523809523, 
        0.7083333333333334, 
        0.6666666666666666, 
        0.7023809523809523, 
        0.7142857142857143, 
        0.7023809523809523, 
        0.7202380952380952, 
        0.7202380952380952, 
        0.7380952380952381, 
        0.7380952380952381, 
        0.7440476190476191, 
        0.7738095238095238, 
        0.7440476190476191, 
        0.7678571428571429, 
        0.7678571428571429, 
        0.7678571428571429, 
        0.8392857142857143, 
        0.7916666666666666, 
        0.8273809523809523, 
        0.8690476190476191, 
        0.8273809523809523, 
        0.875, 
        0.8630952380952381, 
        1.0, 
        1.0, 
        1.0, 
        1.0, 
        1.0, 
        1.0, 
        1.0, 
        1.0, 
        1.0, 
        1.0, 
        1.0, 
        1.0, 
        1.0, 
        1.0, 
        1.0, 
        1.0, 
        1.0, 
        1.0, 
        1.0, 
        1.0, 
        1.0, 
        1.0, 
        1.0, 
        1.0, 
        1.0, 
        1.0, 
        1.0, 
        1.0, 
        1.0, 
        1.0, 
        1.0, 
        1.0, 
        1.0, 
        1.0, 
        1.0
    ], 
    "error_va": [
        0.1153625895700571, 
        0.11202103486879246, 
        0.1105341797548481, 
        0.11128066416807628, 
        0.11212022561292663, 
        0.11212022561292673, 
        0.11093474907167447, 
        0.11408053513172788, 
        0.11334177716621852, 
        0.11548098401219364, 
        0.11530130088084835, 
        0.11355790371841301, 
        0.1055864406053557, 
        0.10546281392366061, 
        0.10579745865593251, 
        0.11035034763440396, 
        0.1032848849753605, 
        0.10521788340976972, 
        0.09896095976768039, 
        0.09502963215800866, 
        0.09428745911852669, 
        0.09046218974296155, 
        0.08974486816037822, 
        0.08491144302643348, 
        0.08233039283402949, 
        0.08112452052134463, 
        0.08193865018261355, 
        0.07566403801175908, 
        0.07566403801175908, 
        0.0765991726550355, 
        0.06948934637803848, 
        0.06829740680851354, 
        0.07130400050126351, 
        0.06576371276043876, 
        0.06594808918824911, 
        0.056188838163127204, 
        0.025747863223233167, 
        0.027687416720653082, 
        0.01884840327911628, 
        0.01970649667415683, 
        0.01466927744389865, 
        0.01433131052739772, 
        0.010032906824836462, 
        0.00807380693402618, 
        0.006372002186102434, 
        0.001180812904866018, 
        0.00048131586667653973, 
        0.0004482298220518141, 
        0.00040537261893689336, 
        0.00037885524506051267, 
        0.0003741916456477138, 
        0.0003468974891618445, 
        0.00033199138499695837, 
        0.0003153938440870597, 
        0.00029705145740453173, 
        0.00028070380044795573, 
        0.0002775148843599999, 
        0.00026315999872407084, 
        0.0002583020012978773, 
        0.00024577928490758126, 
        0.00024253066600042318, 
        0.00023141995747223855, 
        0.00022125482030037506, 
        0.00021191950447243182, 
        0.00020331654076624606, 
        0.00019573440509308894, 
        0.00018833372001622684, 
        0.00018151994514097516, 
        0.00017892460557754006, 
        0.00017268179935756841, 
        0.0001668452992393493, 
        0.00016137702903579513
    ],