{
    "gradient_norm": [
        0.04028458458868333, 
        0.045444741689535315, 
        0.045702566516367296, 
        0.046579763659946774, 
        0.0502148725618329, 
        0.157025245724802, 
        0.18031647817641483, 
        0.1873157086591976, 
        0.2028725758893832, 
        0.23414425632785568, 
        0.27744448626514245, 
        0.294994218406498, 
        0.35894087102641964, 
        0.797447009843194, 
        1.1727499704374353, 
        1.9704461746243909, 
        1.9841483399622808, 
        3.250930920606854, 
        2.368127815153751, 
        3.7568189815347397, 
        1.7357896152947891, 
        2.113613608733207, 
        1.7497704254466153, 
        2.848150392400182, 
        2.416099901746949, 
        2.3326765065469903, 
        1.3420470557964388, 
        1.3090882076468981, 
        1.044343802275251, 
        0.8297426375579411, 
        0.6454597627600701, 
        1.2799769819315705, 
        0.7084519790623663, 
        0.4064887226034687, 
        0.1840271140683915, 
        0.14234946020932626, 
        0.06895235270564701, 
        0.05244737830635151, 
        0.04295349875095859, 
        0.03673963331857328, 
        0.03222462390085831, 
        0.028768495751616812, 
        0.02686847288837062, 
        0.026651549243295065, 
        0.024293356376900103, 
        0.022650553871230873, 
        0.02081513226384125, 
        0.019377875391960328, 
        0.018131603050347805, 
        0.017243038970864277, 
        0.01658919511256528, 
        0.01562501438755579, 
        0.014813105566955913
    ], 
    "accuracy_va": [
        0.6705336426914154, 
        0.6705336426914154, 
        0.6705336426914154, 
        0.6705336426914154, 
        0.6705336426914154, 
        0.6705336426914154, 
        0.6705336426914154, 
        0.6705336426914154, 
        0.6705336426914154, 
        0.6705336426914154, 
        0.6705336426914154, 
        0.6705336426914154, 
        0.6241299303944315, 
        0.6310904872389791, 
        0.5986078886310905, 
        0.6380510440835266, 
        0.7053364269141531, 
        0.6728538283062645, 
        0.7308584686774942, 
        0.7354988399071926, 
        0.7726218097447796, 
        0.7795823665893271, 
        0.8491879350348028, 
        0.839907192575406, 
        0.9071925754060325, 
        0.925754060324826, 
        0.9419953596287703, 
        0.9419953596287703, 
        0.9489559164733179, 
        0.9721577726218097, 
        0.9721577726218097, 
        0.9605568445475638, 
        0.9860788863109049, 
        1.0, 
        1.0, 
        1.0, 
        1.0, 
        1.0, 
        1.0, 
        1.0, 
        1.0, 
        1.0, 
        1.0, 
        1.0, 
        1.0, 
        1.0, 
        1.0, 
        1.0, 
        1.0, 
        1.0, 
        1.0, 
        1.0, 
        1.0
    ], 
    "accuracy": [
        0.38095238095238093, 
        0.6190476190476191, 
        0.6190476190476191, 
        0.6190476190476191, 
        0.6190476190476191, 
        0.6190476190476191, 
        0.6190476190476191, 
        0.6190476190476191, 
        0.6190476190476191, 
        0.6190476190476191, 
        0.6190476190476191, 
        0.6190476190476191, 
        0.6190476190476191, 
        0.6190476190476191, 
        0.6428571428571429, 
        0.6369047619047619, 
        0.6726190476190477, 
        0.7440476190476191, 
        0.7202380952380952, 
        0.7916666666666666, 
        0.7976190476190477, 
        0.8273809523809523, 
        0.8452380952380952, 
        0.8928571428571429, 
        0.9107142857142857, 
        0.9345238095238095, 
        0.9464285714285714, 
        0.9642857142857143, 
        0.9642857142857143, 
        0.9761904761904762, 
        0.9880952380952381, 
        0.9880952380952381, 
        0.9880952380952381, 
        0.9940476190476191, 
        1.0, 
        1.0, 
        1.0, 
        1.0, 
        1.0, 
        1.0, 
        1.0, 
        1.0, 
        1.0, 
        1.0, 
        1.0, 
        1.0, 
        1.0, 
        1.0, 
        1.0, 
        1.0, 
        1.0, 
        1.0, 
        1.0
    ], 
    "error_va": [
        0.11053309100925532, 
        0.11154703091762572, 
        0.11164878187129595, 
        0.11208784307620498, 
        0.11141520728152993, 
        0.11095083209840027, 
        0.11195515839091022, 
        0.11223404726089631, 
        0.11378369315365607, 
        0.11135998457721903, 
        0.111134941538011, 
        0.11149204146299894, 
        0.11364136867224235, 
        0.11041011557137918, 
        0.113628543011143, 
        0.10583479157478934, 
        0.09804164103844987, 
        0.09724296955028808, 
        0.08740851144634829, 
        0.08874119901939896, 
        0.07415538315498585, 
        0.0728754592438136, 
        0.054753167754872475, 
        0.05258587964848634, 
        0.03529329014717584, 
        0.030083117187437548, 
        0.02563494021649317, 
        0.025037212151812385, 
        0.0190328218574217, 
        0.01473634135589555, 
        0.011951265228418193, 
        0.012635886405594845, 
        0.006942717365853846, 
        0.0033315494084440738, 
        0.0008586160914203876, 
        0.0007259833119608156, 
        0.0005217863608955665, 
        0.00044244445172377124, 
        0.000389681061597812, 
        0.000351335504255717, 
        0.00032135965512432904, 
        0.00029698609626655994, 
        0.00028156899995455313, 
        0.00028128297565169533, 
        0.0002632001210851704, 
        0.0002488067004228836, 
        0.00023492810445719048, 
        0.00022263132993400407, 
        0.0002116371008545164, 
        0.0002027984700858985, 
        0.00019702771654277207, 
        0.00018846664237187906, 
        0.00018063913627942036
    ], 
    "error": [
        0.1267312808698984, 
        0.11884438367242514, 
        0.11789641124829944, 
        0.11788371951199442, 
        0.11787215581631846, 
        0.11764388453604652, 
        0.11751935574723768, 
        0.11723106757958486, 
        0.11653375015602743, 
        0.11644916096483561, 
        0.11498634815992784, 
        0.1141579346752275, 
        0.11397670221893476, 
        0.11371397984953233, 
        0.10923208281027234, 
        0.10656449536919455, 
        0.09163037608308781, 
        0.08553018551128048, 
        0.08087190017841633, 
        0.0739931053685115, 
        0.06813444000774463, 
        0.06244189334983218, 
        0.05615394254378571, 
        0.04329255135997956, 
        0.034046625351531044, 
        0.02795912215004759, 
        0.021263938911146522, 
        0.016958960474090644, 
        0.01630858281657967, 
        0.010496182026803913, 
        0.00856788725234604, 
        0.006733409981856768, 
        0.006619237523536016, 
        0.004006139496499458, 
        0.002747884071451442, 
        0.00042342162640713135, 
        0.00035899053072588295, 
        0.000286603672646791, 
        0.00023883264068332485, 
        0.00020867300083650183, 
        0.0001870834500089533, 
        0.00017053294718315194, 
        0.000157271867951658, 
        0.00014898108758234146, 
        0.00014882813078191063, 
        0.00013918184097157094, 
        0.0001315728996007334, 
        0.00012428662494850775, 
        0.00011787113389453875, 
        0.00011216429402518471, 
        0.00010759465047020316, 
        0.00010461905751363865, 
        0.00010021365290730039, 
        9.619545521212363e-05
    ]
}