{
    "accuracy_va": [
        0.5359628770301624, 
        0.4965197215777262, 
        0.6125290023201856, 
        0.5986078886310905, 
        0.6264501160092807, 
        0.7099767981438515, 
        0.7099767981438515, 
        0.7099767981438515, 
        0.7262180974477959, 
        0.7470997679814385, 
        0.740139211136891, 
        0.7563805104408353, 
        0.7447795823665894, 
        0.7540603248259861, 
        0.7540603248259861, 
        0.7633410672853829, 
        0.7679814385150812, 
        0.7842227378190255, 
        0.8074245939675174, 
        0.8004640371229699, 
        0.8097447795823666, 
        0.8051044083526682, 
        0.8167053364269141, 
        0.8167053364269141, 
        0.814385150812065, 
        0.8283062645011601, 
        0.8422273781902552, 
        0.8538283062645011, 
        0.8723897911832946, 
        0.851508120649652, 
        0.91415313225058, 
        0.9164733178654292, 
        0.9164733178654292, 
        0.9164733178654292, 
        0.9164733178654292, 
        0.9164733178654292, 
        0.9303944315545244, 
        0.9071925754060325, 
        0.9443155452436195, 
        0.9582366589327146, 
        0.9930394431554525, 
        0.9930394431554525, 
        0.9953596287703016, 
        0.9953596287703016, 
        0.9953596287703016, 
        0.9953596287703016, 
        1.0, 
        1.0, 
        1.0, 
        1.0, 
        1.0, 
        1.0, 
        1.0, 
        1.0, 
        1.0, 
        1.0, 
        1.0, 
        1.0, 
        1.0, 
        1.0, 
        1.0, 
        1.0, 
        1.0, 
        1.0, 
        1.0, 
        1.0, 
        1.0, 
        1.0, 
        1.0, 
        1.0, 
        1.0, 
        1.0, 
        1.0, 
        1.0, 
        1.0, 
        1.0, 
        1.0, 
        1.0, 
        1.0, 
        1.0, 
        1.0, 
        1.0, 
        1.0, 
        1.0, 
        1.0, 
        1.0, 
        1.0, 
        1.0, 
        1.0, 
        1.0, 
        1.0, 
        1.0, 
        1.0, 
        1.0, 
        1.0, 
        1.0, 
        1.0
    ], 
    "error": [
        0.1298463471532558, 
        0.12458783647306276, 
        0.12422290034000034, 
        0.11449708702861082, 
        0.1137165449207675, 
        0.10873302136700858, 
        0.07714885573284655, 
        0.07714885573284659, 
        0.07105964551344641, 
        0.06393365321423983, 
        0.06017627135514644, 
        0.056542079675255576, 
        0.054467421358236935, 
        0.05376666276604615, 
        0.05311775603155054, 
        0.052622283763222165, 
        0.052434008279339105, 
        0.051387160916890065, 
        0.049851247525116965, 
        0.04878374845069881, 
        0.047126951532579994, 
        0.04507466615161885, 
        0.04359463694598795, 
        0.042807213662161364, 
        0.04263355224147825, 
        0.042170530982155466, 
        0.04161923282646204, 
        0.040714851406292704, 
        0.03913035452151494, 
        0.0389704125139675, 
        0.036042315021324496, 
        0.03149936513836422, 
        0.028597517246790185, 
        0.028303997188301698, 
        0.025921039779515872, 
        0.023717390220081555, 
        0.02182063289615277, 
        0.020704746349910624, 
        0.01761244817922992, 
        0.010978620228925918, 
        0.009538171403571313, 
        0.004879596460131291, 
        0.0015833430855884136, 
        0.0014236908285779285, 
        0.001345125176409798, 
        0.0011819221401408694, 
        0.0009399813407607571, 
        0.0005613409145484588, 
        0.0004582447398678233, 
        0.00041643308072447654, 
        0.0003842808472235458, 
        0.0003574781270962692, 
        0.0003550716031641021, 
        0.0003323618904699793, 
        0.00032143702245477523, 
        0.00030282910023115065, 
        0.000302008971143859, 
        0.00028553573529923834, 
        0.0002798233750242826, 
        0.0002656042706940345, 
        0.0002527357855518146, 
        0.00024102903919254298, 
        0.00023033067874108986, 
        0.0002251439224022116, 
        0.00021760514252834096, 
        0.00020878932235326636, 
        0.00020063628665963125, 
        0.00019307409920691924, 
        0.00018604100748665975, 
        0.00018036458244058672, 
        0.00017417971319211114, 
        0.00016838902051163695, 
        0.00016295632080987125, 
        0.00016153885564027247, 
        0.00015651579133444594, 
        0.00015367360869711136, 
        0.00014910231824811167, 
        0.00014844202580966803, 
        0.00014452225972129691, 
        0.0001419607799519128, 
        0.00013802528316163908, 
        0.00013429342732511706, 
        0.00013075000841784482, 
        0.00012738129281574345, 
        0.0001241748436726319, 
        0.00012220213375641818, 
        0.00011923785617010469, 
        0.00011693622419280082, 
        0.00011420906410291501, 
        0.00011160107666352408, 
        0.00011110779468000163, 
        0.00011076354774742153, 
        0.00010830256543711259, 
        0.00010752262269511947, 
        0.00010519627966517517, 
        0.00010296439996066654, 
        0.00010082142793049382, 
        9.876223228678238e-05
    ],