{
    "accuracy_va": [
        0.5011600928074246, 
        0.5011600928074246, 
        0.5475638051044084, 
        0.5707656612529002, 
        0.5846867749419954, 
        0.5846867749419954, 
        0.6194895591647331, 
        0.6682134570765661, 
        0.6774941995359629, 
        0.6705336426914154, 
        0.7238979118329466, 
        0.7447795823665894, 
        0.7470997679814385, 
        0.7563805104408353, 
        0.7703016241299304, 
        0.7726218097447796, 
        0.7819025522041764, 
        0.7981438515081206, 
        0.8236658932714617, 
        0.8236658932714617, 
        0.8283062645011601, 
        0.9118329466357309, 
        0.9164733178654292, 
        0.9211136890951276, 
        0.925754060324826, 
        0.9396751740139211, 
        0.9559164733178654, 
        0.9651972157772621, 
        0.9837587006960556, 
        1.0, 
        1.0, 
        1.0, 
        1.0, 
        1.0, 
        1.0, 
        1.0, 
        1.0, 
        1.0, 
        1.0, 
        1.0, 
        1.0, 
        1.0, 
        1.0, 
        1.0, 
        1.0, 
        1.0, 
        1.0, 
        1.0, 
        1.0, 
        1.0, 
        1.0, 
        1.0, 
        1.0, 
        1.0, 
        1.0, 
        1.0, 
        1.0, 
        1.0, 
        1.0, 
        1.0, 
        1.0, 
        1.0, 
        1.0, 
        1.0, 
        1.0, 
        1.0, 
        1.0, 
        1.0, 
        1.0, 
        1.0, 
        1.0, 
        1.0, 
        1.0
    ], 
    "error": [
        0.14327271860499236, 
        0.12538548556540255, 
        0.12469446258691325, 
        0.1233067847429485, 
        0.12012289151920998, 
        0.11932129033611773, 
        0.10643895168312174, 
        0.10462818928077927, 
        0.10260525033031824, 
        0.0730877708424011, 
        0.07285567799011601, 
        0.0664084547027541, 
        0.058613174924600456, 
        0.0552785238205317, 
        0.053325882497692934, 
        0.05247011266174461, 
        0.05140542505205978, 
        0.04894193444774451, 
        0.04520220068598735, 
        0.039749526396912455, 
        0.03712469256309167, 
        0.031151076983916646, 
        0.028965134425448198, 
        0.024941191111280736, 
        0.021509538932040738, 
        0.016608529396273806, 
        0.013720542906045508, 
        0.010815857968893247, 
        0.008997747471612213, 
        0.00797893352293261, 
        0.00256916429050187, 
        0.001054577675553223, 
        0.0004951429225730159, 
        0.0004038789453422283, 
        0.0003535589443166039, 
        0.00031853798833058044, 
        0.00030705033217752313, 
        0.00028615794039046476, 
        0.00026527008466270893, 
        0.0002479067793936839, 
        0.0002399659209010005, 
        0.0002360062396948743, 
        0.00022292857129580318, 
        0.000211532045864558, 
        0.00020148421062372187, 
        0.00019253735061244154, 
        0.0001845027219480426, 
        0.00017723376045801378, 
        0.0001734620577214124, 
        0.00016803172095715305, 
        0.00016217810872106925, 
        0.00015677980790967805, 
        0.00015177987452637745, 
        0.00014900500741945813, 
        0.0001445433423055415, 
        0.00014037250618411916, 
        0.0001364618853559859, 
        0.00013601607752613198, 
        0.00013236548045232103, 
        0.00012892385150441467, 
        0.00012567192005951756, 
        0.00012259286837821608, 
        0.000122061111752191, 
        0.00011916691416569521, 
        0.00011641568237836913, 
        0.00011379613303528832, 
        0.00011129822070631171, 
        0.00011125421050985494, 
        0.00010984234959144415, 
        0.00010812353572127342, 
        0.00010598004067662277, 
        0.000103824043727579, 
        0.00010175703879021686, 
        9.977325099079777e-05
    ], 
    "error_va": [
        0.1258232309128659, 
        0.12509186726251445, 
        0.12432635304107686, 
        0.12277615934611978, 
        0.12215458873693358, 
        0.1161920581170835, 
        0.11455916938709225, 
        0.11332709412528943, 
        0.1047558194989338, 
        0.10686078630152544, 
        0.0994283189766344, 
        0.09698323766802265, 
        0.09490642971830185, 
        0.09075217217646037, 
        0.09048346411003357, 
        0.08762892898375607, 
        0.0868567150801695, 
        0.0767013584613951, 
        0.06241942710536532, 
        0.06320228746628444, 
        0.05525140275460499, 
        0.032243400384737844, 
        0.0319626294940388, 
        0.03270824570302473, 
        0.027796422439148292, 
        0.023730746548978967, 
        0.017050920194978, 
        0.013120300811064712, 
        0.008260413354246515, 
        0.002241314705865833, 
        0.000881326621371826, 
        0.00045569503367095697, 
        0.0003948497869506108, 
        0.0003465009395542549, 
        0.0003163536898432819, 
        0.0003063808623399042, 
        0.00028828071521463873, 
        0.00027018408477207307, 
        0.0002551055782507662, 
        0.00024817696873877574, 
        0.0002447125385242183, 
        0.0002332678008779029, 
        0.00022323415212253744, 
        0.000214326252468492, 
        0.00020633323929429264, 
        0.00019909578598280894, 
        0.0001924911912123554, 
        0.00018903392971791704, 
        0.0001840311209675945, 
        0.00017859617158341257, 
        0.00017353827325552635, 
        0.0001688112289010765, 
        0.00016616515949733525, 
        0.00016188766303856688, 
        0.0001578545381600953, 
        0.00015404133283180145, 
        0.00015360340575251, 
        0.00015001151286404705, 
        0.00014659872526280238, 
        0.00014334971125037983, 
        0.00014025108200524882, 
        0.00013971256010740813, 
        0.0001367761562214676, 
        0.00013396625121670348, 
        0.0001312737944034845, 
        0.00012869069687321998, 
        0.00012864495251340108, 
        0.0001271767051496062, 
        0.00012538319925126153, 
        0.00012313726268457372, 
        0.00012086681981692399, 
        0.0001186791114732615, 
        0.0001165693517035043, 
        0.0001165693517035043
    ],