{
    "accuracy_va": [
        0.5359628770301624, 
        0.5011600928074246, 
        0.5011600928074246, 
        0.6983758700696056, 
        0.6705336426914154, 
        0.6705336426914154
    ], 
    "accuracy": [
        0.5040650406504065, 
        0.5528455284552846, 
        0.5040650406504065, 
        0.5040650406504065, 
        0.8130081300813008, 
        0.7723577235772358
    ], 
    "error_va": [
        0.12454774999044213, 
        0.12428117903292743, 
        0.12505905909320625, 
        0.15080395706625277, 
        0.16473317865429235, 
        0.16473317865429235
    ], 
    "error": [
        0.12607895174641445, 
        0.12437074438736807, 
        0.1237696102288281, 
        0.12178735489315365, 
        0.09346902326033678, 
        0.11382113821138211
    ]
}