{
    "accuracy_va": [
        0.6705336426914154, 
        0.6705336426914154, 
        0.6705336426914154, 
        0.6682134570765661, 
        0.6705336426914154, 
        0.665893271461717, 
        0.6682134570765661, 
        0.6728538283062645, 
        0.6334106728538283, 
        0.6334106728538283, 
        0.6310904872389791, 
        0.6310904872389791, 
        0.6589327146171694, 
        0.6774941995359629, 
        0.8306264501160093, 
        0.8259860788863109, 
        0.9071925754060325, 
        0.8584686774941995, 
        0.925754060324826, 
        0.8747099767981439, 
        0.8816705336426914, 
        0.8677494199535963, 
        0.9280742459396751, 
        0.91415313225058, 
        0.988399071925754, 
        0.9930394431554525, 
        1.0, 
        1.0, 
        1.0, 
        1.0, 
        1.0, 
        1.0, 
        1.0, 
        1.0, 
        1.0, 
        1.0, 
        1.0, 
        1.0, 
        1.0, 
        1.0, 
        1.0, 
        1.0, 
        1.0, 
        1.0
    ], 
    "error": [
        0.11821752527817371, 
        0.11717772218113927, 
        0.11695517394894905, 
        0.11687523451954798, 
        0.1168203587442855, 
        0.11463033369856394, 
        0.11239914486244568, 
        0.10655554329998643, 
        0.10631848009245709, 
        0.10456479372500035, 
        0.10416592091916603, 
        0.09545910157357917, 
        0.0954591015735792, 
        0.08990123497230419, 
        0.0896595176204616, 
        0.06979627437511546, 
        0.06979503292136914, 
        0.06376054168692911, 
        0.06062614682056343, 
        0.04768547025723865, 
        0.04462592158405447, 
        0.038149506746802044, 
        0.032281073470383885, 
        0.024967375600090488, 
        0.017939428003724757, 
        0.010070173291561344, 
        0.005589823967984016, 
        0.0029422910214354533, 
        0.0021045149622487803, 
        0.0007770611999600996, 
        0.00032395383594432535, 
        0.00019891534701240875, 
        0.00017890582261550128, 
        0.00017019387272259023, 
        0.00015727648454091537, 
        0.00014631340267460877, 
        0.0001454220893889903, 
        0.00013632175001251998, 
        0.00012848358854522637, 
        0.00012492153100872772, 
        0.00011847951111140625, 
        0.0001127451382028366, 
        0.0001075949065666369, 
        0.0001029347586276565, 
        9.870274329095002e-05
    ], 
    "error_va": [
        0.11153541735759295, 
        0.1118846287830926, 
        0.11225886460004275, 
        0.11608179693668816, 
        0.10986841015153219, 
        0.11174671741054928, 
        0.10622086580723342, 
        0.10614949648351318, 
        0.11202696864277323, 
        0.1117907784387386, 
        0.10676640346617196, 
        0.10676640346617199, 
        0.0981253189867355, 
        0.0967049855147197, 
        0.07584640670198271, 
        0.0758624062756853, 
        0.06310113549124433, 
        0.06398140268527272, 
        0.04710713901437349, 
        0.04387594039851278, 
        0.0419708792165984, 
        0.04889883120338209, 
        0.026446028284105635, 
        0.03052922870593296, 
        0.011250056356833625, 
        0.008703243440930835, 
        0.0040177846851033715, 
        0.00206381719911394, 
        0.0009984644396098228, 
        0.00038388939484362004, 
        0.00024259714991783438, 
        0.00021374148068030517, 
        0.0002022038234355435, 
        0.00018541036430552032, 
        0.00017148721890988822, 
        0.00017037205862473664, 
        0.00015905919763160343, 
        0.00014946012764550335, 
        0.00014514149607333903, 
        0.00013738022217092057, 
        0.0001305290502641255, 
        0.0001244170852355292, 
        0.00011891711034910923, 
        0.00011394512041409073, 
        0.00011394512041409073
    ], 
    "gradient_norm": [
        0.0960179932306263, 
        0.1021551614491412, 
        0.10750198975841566, 
        0.19682115436695408, 
        0.3535922234469555, 
        0.4104750272354123, 
        0.8011171725817972, 
        0.8466438864980214, 
        1.9157985057096925, 
        1.921424697401414, 
        1.900506864489218, 
        1.9005068644892178, 
        1.620753920632131, 
        1.54226658585153, 
        1.3065767654123683, 
        1.3121954255899706, 
        0.9433328527314531, 
        1.2309072880393241, 
        1.061537699330411, 
        1.58597548768548, 
        4.068002429660269, 
        2.158861676041006, 
        1.663152500074298, 
        2.111999759040049, 
        1.2443203134831853, 
        0.7295612984366914, 
        0.3544347523452207, 
        0.19959965974188734, 
        0.10532335430275994, 
        0.05740233258674071, 
        0.029073792484518454, 
        0.024240456502784138, 
        0.02276804603501777, 
        0.020574464603514704, 
        0.018609269136117445, 
        0.01848287779365966, 
        0.017082413384708804, 
        0.015938185572808395, 
        0.01547801755740559, 
        0.01461547169123589, 
        0.013762347886249195, 
        0.013079969546245263, 
        0.012473255747914913, 
        0.011978383684443285
    ], 
    "time": [
        6.837000000000001, 
        16.454, 
        24.512, 
        42.269, 
        61.178999999999995, 
        69.37599999999999, 
        77.768, 
        85.345, 
        105.958, 
        115.439, 
        121.894, 
        144.832, 
        153.24699999999999, 
        160.787, 
        169.207, 
        188.412, 
        204.179, 
        211.173, 
        220.977, 
        229.14399999999998, 
        244.547, 
        265.319, 
        282.32099999999997, 
        299.968, 
        317.638, 
        324.299, 
        331.86199999999997, 
        346.99, 
        354.68499999999995, 
        362.4, 
        374.52299999999997, 
        388.09700000000004, 
        397.21099999999996, 
        406.31800000000004, 
        421.67199999999997, 
        435.74, 
        448.75100000000003, 
        461.942, 
        473.539, 
        482.67900000000003, 
        495.981, 
        510.09800000000007, 
        524.314, 
        536.804, 
        537.4649999999999
    ], 
    "accuracy": [
        0.6190476190476191, 
        0.6190476190476191, 
        0.6190476190476191, 
        0.6190476190476191, 
        0.6428571428571429, 
        0.6190476190476191, 
        0.6369047619047619, 
        0.6488095238095238, 
        0.6607142857142857, 
        0.6666666666666666, 
        0.6666666666666666, 
        0.6726190476190477, 
        0.6726190476190477, 
        0.6904761904761905, 
        0.7202380952380952, 
        0.8869047619047619, 
        0.8869047619047619, 
        0.9107142857142857, 
        0.9047619047619048, 
        0.9166666666666666, 
        0.8630952380952381, 
        0.9047619047619048, 
        0.9166666666666666, 
        0.9345238095238095, 
        0.9702380952380952, 
        0.9821428571428571, 
        1.0, 
        1.0, 
        1.0, 
        1.0, 
        1.0, 
        1.0, 
        1.0, 
        1.0, 
        1.0, 
        1.0, 
        1.0, 
        1.0, 
        1.0, 
        1.0, 
        1.0, 
        1.0, 
        1.0, 
        1.0
    ]
}