{
    "gradient_norm": [
        0.06185259449384976, 
        0.12645982297199065, 
        0.10758585894504553, 
        0.10840521376397687, 
        0.1095265910765531, 
        0.11132278410074903, 
        0.14192516441503386, 
        0.14926936300418092, 
        0.3044775687366372, 
        0.3320246825242329, 
        0.3504077083404207, 
        0.7476937534126811, 
        0.7476937534126811, 
        0.8336536915712954, 
        0.8782317526730453, 
        0.877827827875048, 
        0.8006341043903559, 
        0.6652831689730976, 
        0.6949190774053704, 
        0.6949190774053704, 
        0.808924786824924, 
        0.82891077651412, 
        0.8341789185278519, 
        0.806521088994486, 
        0.763324258038637, 
        0.8424648017251574, 
        1.1155879608873323, 
        1.1906335775340333, 
        1.1725707084326442, 
        1.0613298945817136, 
        1.1217284849034068, 
        0.9459882843664895, 
        1.0393659960693378, 
        0.9700307672952775, 
        0.8738955111102154, 
        0.747375136692309, 
        0.8562546032396391, 
        1.867635790504866, 
        0.8795287907340207, 
        0.7912693267827726, 
        0.079495734635332, 
        0.015587020876687894
    ], 
    "accuracy_va": [
        0.6705336426914154, 
        0.5104408352668214, 
        0.6705336426914154, 
        0.6705336426914154, 
        0.6705336426914154, 
        0.6705336426914154, 
        0.6705336426914154, 
        0.6705336426914154, 
        0.6705336426914154, 
        0.6682134570765661, 
        0.6705336426914154, 
        0.6450116009280742, 
        0.6450116009280742, 
        0.6241299303944315, 
        0.6218097447795824, 
        0.6218097447795824, 
        0.6241299303944315, 
        0.679814385150812, 
        0.679814385150812, 
        0.679814385150812, 
        0.7169373549883991, 
        0.7517401392111369, 
        0.7517401392111369, 
        0.7470997679814385, 
        0.7888631090487239, 
        0.8051044083526682, 
        0.8120649651972158, 
        0.8538283062645011, 
        0.8561484918793504, 
        0.8607888631090487, 
        0.8909512761020881, 
        0.8979118329466357, 
        0.9280742459396751, 
        0.9095127610208816, 
        0.9698375870069605, 
        0.9489559164733179, 
        0.9953596287703016, 
        0.9930394431554525, 
        0.9976798143851509, 
        0.9976798143851509, 
        1.0, 
        1.0
    ], 
    "accuracy": [
        0.38095238095238093, 
        0.6190476190476191, 
        0.5416666666666666, 
        0.6190476190476191, 
        0.6190476190476191, 
        0.6190476190476191, 
        0.6190476190476191, 
        0.6190476190476191, 
        0.6190476190476191, 
        0.6190476190476191, 
        0.6190476190476191, 
        0.6190476190476191, 
        0.6309523809523809, 
        0.6309523809523809, 
        0.6547619047619048, 
        0.6666666666666666, 
        0.6666666666666666, 
        0.6547619047619048, 
        0.6845238095238095, 
        0.6845238095238095, 
        0.6845238095238095, 
        0.7440476190476191, 
        0.7976190476190477, 
        0.7976190476190477, 
        0.7857142857142857, 
        0.8511904761904762, 
        0.8511904761904762, 
        0.8571428571428571, 
        0.8869047619047619, 
        0.8928571428571429, 
        0.9107142857142857, 
        0.9285714285714286, 
        0.9464285714285714, 
        0.9583333333333334, 
        0.9523809523809523, 
        1.0, 
        0.9702380952380952, 
        1.0, 
        0.9880952380952381, 
        1.0, 
        1.0, 
        1.0
    ], 
    "error_va": [
        0.13263361728988565, 
        0.12510032511113245, 
        0.11094768229903453, 
        0.11117788441192797, 
        0.1115497432457085, 
        0.11245176834300187, 
        0.10955112166174766, 
        0.10943409044831649, 
        0.10888209320897058, 
        0.11134894625237675, 
        0.10881067868595264, 
        0.10324753483348367, 
        0.10324753483348367, 
        0.10433106752620633, 
        0.09873172982338765, 
        0.09873172982338767, 
        0.09463055401698328, 
        0.08682058898688859, 
        0.08541724778781763, 
        0.08541724778781763, 
        0.08223997414902516, 
        0.07248389413608522, 
        0.0724838941360852, 
        0.07399897904268989, 
        0.06625323799204465, 
        0.06543477576532568, 
        0.05900646541490531, 
        0.052194613950023554, 
        0.051291929628732615, 
        0.047253613832514085, 
        0.04654584652545099, 
        0.037675205715211234, 
        0.037610191408305536, 
        0.03290849749013542, 
        0.02907687510651636, 
        0.024138826153340242, 
        0.010060361282748762, 
        0.004650064111637988, 
        0.006500576116277153, 
        0.0014727850147221526, 
        0.00036345115396137375, 
        0.00013066180236251027
    ], 
    "error": [
        0.17178354966670978, 
        0.15231706332514297, 
        0.12490317016630541, 
        0.11831717289465801, 
        0.11810448251758887, 
        0.11794252559687796, 
        0.11784271617663428, 
        0.11589014568853646, 
        0.11573720981309206, 
        0.11366002184536118, 
        0.11335272590275595, 
        0.11244042885708277, 
        0.10332525134347824, 
        0.10332525134347824, 
        0.1011326644525385, 
        0.09346197094924577, 
        0.09346197094924577, 
        0.09165309252283854, 
        0.08644346208183448, 
        0.08534979743936565, 
        0.08534979743936566, 
        0.07633099837329924, 
        0.06693745257606423, 
        0.06693745257606423, 
        0.06423288067655845, 
        0.05850351066445801, 
        0.053678620271235745, 
        0.049348558435488986, 
        0.038489964521723895, 
        0.037772872600792914, 
        0.03630152874830998, 
        0.03399871620493173, 
        0.029002131361308872, 
        0.02695450467966875, 
        0.026462979995562776, 
        0.020695882914098945, 
        0.018240435039895597, 
        0.007764449666770965, 
        0.005957866753195927, 
        0.004288640142183205, 
        0.0011609782073294206, 
        0.00026067314812258354, 
        9.199103205620759e-05
    ]
}