{
    "gradient_norm": [
        0.043376378436847586, 
        0.044391887491860876, 
        0.10890417190327686, 
        0.3964582680181613, 
        0.39645826801816136, 
        0.5309439163907442, 
        0.5810515291727849, 
        0.6816317519921147, 
        0.7241198721848724, 
        1.3774466678204635, 
        1.9153009322076162, 
        1.895039204453556, 
        1.889618561987239, 
        1.8405446883413354, 
        2.0177517220158916, 
        1.7572962477328224, 
        1.6676480074144702, 
        1.5811416096268114, 
        1.3303396149287374, 
        1.1235095734851597, 
        1.0985475153946915, 
        1.0940825577195141, 
        1.297975411796117, 
        0.9573826551142783, 
        0.7201616186825356, 
        0.733522298138908, 
        0.6299867806737998, 
        0.6008815473741608, 
        0.5247217285803851, 
        0.5244711955163815, 
        0.35616139279093023, 
        0.35468078655621976, 
        0.35085795287366583, 
        0.3596419182150544, 
        0.5145656948569864, 
        0.5531264993111049, 
        0.9933598656113009, 
        1.056184554206981, 
        0.8585153218576684, 
        0.6002740310432206, 
        0.8488738814262607, 
        1.2458477448090544, 
        1.6053667442519128, 
        1.0823873073128303, 
        1.0121996251778842, 
        1.1698726913024864, 
        0.3096033683151946, 
        0.1844027765328463, 
        0.08665826324499892, 
        0.07408283648791462, 
        0.0519746359845211, 
        0.042370870168878, 
        0.0364286507038482, 
        0.03285869218351153, 
        0.03068040872834, 
        0.027838877672994256, 
        0.02734021779904739, 
        0.0252440669326581, 
        0.023538302515397725, 
        0.022087448445824522, 
        0.0211276777609289, 
        0.019912626118529255, 
        0.018921987004249602, 
        0.018047720215280717, 
        0.017935111230796833, 
        0.017142963517164028, 
        0.016435421919243583, 
        0.01621213936037391, 
        0.016111238783542675, 
        0.015487674070143943, 
        0.014922925939398889, 
        0.014402627131122031, 
        0.014090471164253038, 
        0.013964318300745418, 
        0.013505660860630667, 
        0.013504718584812463, 
        0.013105237645808687, 
        0.012975439178119143, 
        0.012744589532449124, 
        0.012355465382646529, 
        0.012197807140260787, 
        0.011847668388543627
    ], 
    "accuracy_va": [
        0.605568445475638, 
        0.505800464037123, 
        0.5986078886310905, 
        0.5962877030162413, 
        0.5962877030162413, 
        0.5870069605568445, 
        0.5962877030162413, 
        0.6937354988399071, 
        0.6589327146171694, 
        0.7447795823665894, 
        0.7146171693735499, 
        0.7192575406032483, 
        0.740139211136891, 
        0.740139211136891, 
        0.7633410672853829, 
        0.7424593967517401, 
        0.7517401392111369, 
        0.7981438515081206, 
        0.8051044083526682, 
        0.8329466357308585, 
        0.8306264501160093, 
        0.8283062645011601, 
        0.8167053364269141, 
        0.8422273781902552, 
        0.8631090487238979, 
        0.8677494199535963, 
        0.8700696055684455, 
        0.8700696055684455, 
        0.8747099767981439, 
        0.877030162412993, 
        0.8793503480278422, 
        0.8793503480278422, 
        0.8793503480278422, 
        0.8816705336426914, 
        0.877030162412993, 
        0.8723897911832946, 
        0.8677494199535963, 
        0.877030162412993, 
        0.8839907192575406, 
        0.8909512761020881, 
        0.8863109048723898, 
        0.9025522041763341, 
        0.925754060324826, 
        0.9303944315545244, 
        0.9535962877030162, 
        0.9443155452436195, 
        0.9582366589327146, 
        0.9582366589327146, 
        0.9582366589327146, 
        0.9582366589327146, 
        0.9559164733178654, 
        0.9559164733178654, 
        0.9559164733178654, 
        0.9559164733178654, 
        0.9582366589327146, 
        0.9582366589327146, 
        0.9582366589327146, 
        0.9582366589327146, 
        0.9582366589327146, 
        0.9605568445475638, 
        0.9605568445475638, 
        0.9605568445475638, 
        0.9651972157772621, 
        0.9651972157772621, 
        0.9651972157772621, 
        0.9651972157772621, 
        0.9651972157772621, 
        0.9651972157772621, 
        0.9651972157772621, 
        0.9675174013921114, 
        0.9675174013921114, 
        0.9675174013921114, 
        0.9675174013921114, 
        0.9675174013921114, 
        0.9675174013921114, 
        0.9675174013921114, 
        0.9675174013921114, 
        0.9675174013921114, 
        0.9675174013921114, 
        0.9675174013921114, 
        0.9675174013921114, 
        0.9675174013921114
    ], 
    "accuracy": [
        0.5121951219512195, 
        0.5609756097560976, 
        0.45528455284552843, 
        0.6178861788617886, 
        0.5691056910569106, 
        0.5691056910569106, 
        0.6016260162601627, 
        0.6341463414634146, 
        0.6991869918699187, 
        0.7317073170731707, 
        0.7804878048780488, 
        0.7886178861788617, 
        0.8211382113821138, 
        0.8699186991869918, 
        0.8699186991869918, 
        0.8780487804878049, 
        0.8699186991869918, 
        0.8780487804878049, 
        0.9024390243902439, 
        0.9024390243902439, 
        0.9024390243902439, 
        0.9105691056910569, 
        0.9105691056910569, 
        0.9186991869918699, 
        0.926829268292683, 
        0.9349593495934959, 
        0.943089430894309, 
        0.943089430894309, 
        0.943089430894309, 
        0.943089430894309, 
        0.943089430894309, 
        0.943089430894309, 
        0.943089430894309, 
        0.943089430894309, 
        0.943089430894309, 
        0.943089430894309, 
        0.943089430894309, 
        0.9512195121951219, 
        0.9512195121951219, 
        0.967479674796748, 
        0.967479674796748, 
        0.967479674796748, 
        0.975609756097561, 
        0.983739837398374, 
        0.983739837398374, 
        0.991869918699187, 
        0.991869918699187, 
        1.0, 
        1.0, 
        1.0, 
        1.0, 
        1.0, 
        1.0, 
        1.0, 
        1.0, 
        1.0, 
        1.0, 
        1.0, 
        1.0, 
        1.0, 
        1.0, 
        1.0, 
        1.0, 
        1.0, 
        1.0, 
        1.0, 
        1.0, 
        1.0, 
        1.0, 
        1.0, 
        1.0, 
        1.0, 
        1.0, 
        1.0, 
        1.0, 
        1.0, 
        1.0, 
        1.0, 
        1.0, 
        1.0, 
        1.0, 
        1.0
    ],