{
    "hyperparameters": {
        "momentum_type": "nesterov", 
        "activation": "sigmoid -> sigmoid -> sigmoid", 
        "reg_lambda": 0.0, 
        "eta": 3.9887007023057275, 
        "reg_method": "l2", 
        "alpha": 0.6355222866912837, 
        "topology": "17 -> 4 -> 8 -> 1"
    }, 
    "statistics": {
        "std": 0.03274058554167108, 
        "f1_score": 0.9692307692307693, 
        "accuracy_score": 0.9666666666666668, 
        "values": {
            "train": [
                0.00012251369027954198, 
                0.00522409481167199, 
                0.005178604147191696, 
                0.005177879024858935, 
                0.0052250105292206
            ], 
            "validation": [
                0.0824221925269385, 
                0.0009523301106100579, 
                0.0012816734386662835, 
                6.7411843689828e-05, 
                1.843053724596684e-05
            ]
        }, 
        "mean": 0.016948407691430127
    }
}