{
    "hyperparameters": {
        "error_goal": 0.0001, 
        "sigma_2": 0.24045109857340927, 
        "sigma_1": 0.0001, 
        "rho": 0.0, 
        "d_m": "modified", 
        "max_epochs": 500, 
        "beta_m": "pr", 
        "activation": "sigmoid -> sigmoid -> identity", 
        "topology": "10 -> 16 -> 32 -> 2"
    }, 
    "statistics": {
        "std": 0.2691657627341319, 
        "values": {
            "train": [
                0.9040588330455196, 
                0.951824926495226, 
                0.7381583018708153
            ], 
            "validation": [
                1.615053843416948, 
                0.9847102076326496, 
                1.1324720173210316
            ]
        }, 
        "mean": 1.2440786894568763
    }
}