{
    "accuracy_va": [
        0.6705336426914154, 
        0.6705336426914154, 
        0.6705336426914154, 
        0.6705336426914154, 
        0.6705336426914154, 
        0.6705336426914154, 
        0.6705336426914154, 
        0.6705336426914154, 
        0.6705336426914154, 
        0.6705336426914154, 
        0.6380510440835266, 
        0.580046403712297, 
        0.665893271461717, 
        0.5962877030162413, 
        0.6566125290023201, 
        0.6032482598607889, 
        0.6612529002320185, 
        0.5916473317865429, 
        0.6751740139211136, 
        0.7146171693735499, 
        0.7354988399071926, 
        0.7679814385150812, 
        0.7610208816705336, 
        0.7726218097447796, 
        0.7819025522041764, 
        0.8074245939675174, 
        0.8074245939675174, 
        0.8074245939675174, 
        0.8190255220417634, 
        0.8491879350348028, 
        0.8538283062645011, 
        0.8654292343387471, 
        0.877030162412993, 
        0.8816705336426914, 
        0.888631090487239, 
        0.888631090487239, 
        0.8979118329466357, 
        0.8979118329466357, 
        0.8932714617169374, 
        0.9002320185614849, 
        0.9025522041763341, 
        0.9095127610208816, 
        0.9095127610208816, 
        0.91415313225058, 
        0.9466357308584686, 
        0.9651972157772621, 
        0.9814385150812065, 
        0.9791183294663574, 
        0.9767981438515081, 
        0.9814385150812065, 
        0.9814385150812065, 
        0.9814385150812065, 
        0.9814385150812065, 
        0.9814385150812065
    ], 
    "error": [
        0.1287625393266729, 
        0.1263210605028479, 
        0.11979773960178208, 
        0.1196753994162173, 
        0.1189219007726898, 
        0.11889261525729902, 
        0.11874473892417203, 
        0.11772483544600368, 
        0.11771262978133379, 
        0.11727442781114471, 
        0.1154350542869141, 
        0.1137912351272807, 
        0.11353435656076775, 
        0.1130756241705714, 
        0.11092391973853714, 
        0.1106587346570604, 
        0.10954843743889041, 
        0.10801113401867819, 
        0.10740242156554433, 
        0.10138237148920248, 
        0.08831562274583367, 
        0.08739897002967924, 
        0.07781483655262009, 
        0.07370959803621378, 
        0.06578287408210226, 
        0.06134421571049097, 
        0.051190719994436945, 
        0.05107230258390751, 
        0.050413963676702554, 
        0.04823512995789926, 
        0.04197025147856076, 
        0.04013222735698639, 
        0.033420097809604726, 
        0.03212623841004826, 
        0.030955939843089943, 
        0.026174899989562097, 
        0.02538969550015511, 
        0.013586935085954523, 
        0.013585923091099829, 
        0.013271892295762668, 
        0.01223116991560154, 
        0.010348139501924015, 
        0.008363561201408843, 
        0.008310841193514593, 
        0.006568924339845194, 
        0.005644884525503056, 
        0.0039149137500698854, 
        0.0003974784863599629, 
        0.00038620204618822933, 
        0.00021565533717581107, 
        0.0001652143855940794, 
        0.00013671907808509017, 
        0.00011754998046088729, 
        0.0001034473715987371, 
        9.873798792600262e-05
    ], 
    "error_va": [
        0.1127289437011699, 
        0.11320652617534588, 
        0.11059860471493245, 
        0.11260410189576864, 
        0.11337197513762799, 
        0.11430490097524758, 
        0.1118682380515913, 
        0.11141961922757632, 
        0.1101415268073014, 
        0.1104423968021406, 
        0.11504480710881704, 
        0.1180411957494469, 
        0.11037315934692377, 
        0.11468381158225949, 
        0.10938844864460613, 
        0.11425692409274885, 
        0.10872057020059801, 
        0.11640558060006755, 
        0.1049577398445142, 
        0.11054753437182187, 
        0.10544849913925218, 
        0.10214303187421275, 
        0.09117261799622128, 
        0.09279665386152229, 
        0.08416877069885895, 
        0.08191206291047794, 
        0.08219511404483719, 
        0.08246594489414524, 
        0.07604605608054262, 
        0.06821282981631635, 
        0.06485862638415468, 
        0.058223000016862696, 
        0.05602988002260333, 
        0.05282351299378734, 
        0.04907447720359029, 
        0.04814677185410952, 
        0.03905439448831021, 
        0.03880679909561345, 
        0.04218859709154834, 
        0.03530960871861693, 
        0.03457136588907514, 
        0.034204071322637836, 
        0.03417186770616065, 
        0.03291024282685775, 
        0.018877656078985776, 
        0.013818770146982087, 
        0.006320429954259338, 
        0.0063101858130142855, 
        0.006160569248048769, 
        0.005735868301273824, 
        0.0056591806607079525, 
        0.005543755185836203, 
        0.005475624517396314, 
        0.005455610182879724, 
        0.005455610182879724
    ], 
    "gradient_norm": [
        0.1276488036735284, 
        0.13771056385881555, 
        0.12119925610279284, 
        0.1029833884111365, 
        0.08977225287514663, 
        0.06265790680955756, 
        0.04595344445845837, 
        0.047699410037692985, 
        0.1342315637373386, 
        0.39964899711538526, 
        0.8148039785854732, 
        0.7357162784730903, 
        0.5815565176408481, 
        0.6167442378216016, 
        0.5934007358593794, 
        0.6482624666557554, 
        0.6404705078110235, 
        0.7599539685093827, 
        0.74410895425426, 
        6.069987074061576, 
        7.8452597283411905, 
        11.10980845970429, 
        8.047849819186217, 
        5.62414920456782, 
        6.483923273407808, 
        8.43483941527712, 
        9.674191915116642, 
        8.272222089413876, 
        3.7113310732820572, 
        4.069058053357288, 
        7.881142597254304, 
        2.4969323571409436, 
        1.6177486697518968, 
        1.3701338836172041, 
        2.1038344051032816, 
        4.246870264351799, 
        9.622059357375084, 
        9.639365271564973, 
        0.7823039244332783, 
        1.3926664626788345, 
        1.424457765828896, 
        1.4598884455946775, 
        1.4805722640855576, 
        2.3197887792741114, 
        1.7565650123070708, 
        2.3876632493364007, 
        0.3693674906884386, 
        0.3582411030422966, 
        0.14541864009583513, 
        0.10568442202852871, 
        0.07363698640389622, 
        0.05950759150895029, 
        0.048620225069208926, 
        0.045747430064603925
    ], 
    "time": [
        18.148999999999997, 
        27.032, 
        46.742, 
        54.176, 
        72.28099999999999, 
        81.661, 
        89.792, 
        107.529, 
        114.052, 
        121.014, 
        140.076, 
        155.756, 
        170.903, 
        186.746, 
        205.05399999999997, 
        225.517, 
        243.105, 
        263.385, 
        273.43, 
        283.222, 
        301.301, 
        322.61400000000003, 
        341.149, 
        364.07, 
        386.798, 
        399.762, 
        426.712, 
        447.02799999999996, 
        458.597, 
        471.374, 
        488.717, 
        504.266, 
        510.55300000000005, 
        517.243, 
        526.215, 
        535.157, 
        554.8, 
        570.688, 
        577.2810000000001, 
        592.029, 
        598.365, 
        606.42, 
        616.998, 
        622.4680000000001, 
        628.914, 
        636.498, 
        642.2719999999999, 
        651.263, 
        662.9150000000001, 
        673.7379999999999, 
        686.868, 
        695.903, 
        706.787, 
        717.192, 
        717.731
    ],