{
    "gradient_norm": [
        0.11032441097275324, 
        0.11098549658917183, 
        0.11218300211866883, 
        0.11226454851701492, 
        0.11724829348918216, 
        0.26855138224629393, 
        0.2917190621537193, 
        0.8537843423664238, 
        0.9118587081411705, 
        2.4784619936151504, 
        2.6650711756042327, 
        1.7660510768702504, 
        1.539812767147086, 
        1.5751031574722132, 
        1.9406867004495174, 
        1.3263123910641634, 
        2.0880525305973663, 
        0.9920818597735654, 
        1.688028586084901, 
        0.9195321462146789, 
        1.2831959514246687, 
        1.852454011006949, 
        2.9428050735125617, 
        2.2900268351075894, 
        1.1317473550345947, 
        1.7625119349349483, 
        1.4157713123180011, 
        1.3804779477283515, 
        1.3625873551629084, 
        1.3539738131024914, 
        1.351040516148779, 
        1.348881055130965, 
        1.4324544809812887, 
        2.363721916773317, 
        2.0329402455802446, 
        4.526345512586923, 
        3.706048308093398, 
        9.354342742707411, 
        5.869913205015023, 
        7.17439431226638, 
        5.577677672604973, 
        6.176111043246388, 
        2.1745882505969667, 
        1.3322978416443436, 
        0.13741783857712675, 
        0.8383983197511399, 
        1.1565597113137387, 
        1.248148988949871, 
        1.662607379636027, 
        1.3686441526072473, 
        2.8254636518461296, 
        3.6757158474478855, 
        4.0267118083010045, 
        3.026545070662827, 
        2.926125264338751, 
        1.8874605437630716, 
        1.9548443949888976, 
        2.714067318478266, 
        1.8892325988495853, 
        0.8132927928604401, 
        0.9593935512443464, 
        0.27256043415248676, 
        0.10684740660745545, 
        0.08556096668274757, 
        0.07812757619183272, 
        0.064894576145271, 
        0.05832607917280184, 
        0.056196542677159365, 
        0.0537451716665231, 
        0.04963224611638246, 
        0.04645601282129616
    ], 
    "accuracy_va": [
        0.6705336426914154, 
        0.6705336426914154, 
        0.6705336426914154, 
        0.6705336426914154, 
        0.6705336426914154, 
        0.6705336426914154, 
        0.6705336426914154, 
        0.5545243619489559, 
        0.5893271461716937, 
        0.6032482598607889, 
        0.6009280742459396, 
        0.6751740139211136, 
        0.6821345707656613, 
        0.679814385150812, 
        0.6519721577726219, 
        0.703016241299304, 
        0.6519721577726219, 
        0.7192575406032483, 
        0.654292343387471, 
        0.7238979118329466, 
        0.6960556844547564, 
        0.814385150812065, 
        0.814385150812065, 
        0.8306264501160093, 
        0.8051044083526682, 
        0.8445475638051044, 
        0.8491879350348028, 
        0.8468677494199536, 
        0.851508120649652, 
        0.851508120649652, 
        0.851508120649652, 
        0.851508120649652, 
        0.8538283062645011, 
        0.8584686774941995, 
        0.8677494199535963, 
        0.8677494199535963, 
        0.888631090487239, 
        0.8747099767981439, 
        0.8979118329466357, 
        0.8979118329466357, 
        0.9025522041763341, 
        0.9048723897911833, 
        0.91415313225058, 
        0.9327146171693735, 
        0.9303944315545244, 
        0.9373549883990719, 
        0.9373549883990719, 
        0.9373549883990719, 
        0.9373549883990719, 
        0.9350348027842227, 
        0.9396751740139211, 
        0.9419953596287703, 
        0.9419953596287703, 
        0.9466357308584686, 
        0.9419953596287703, 
        0.9559164733178654, 
        0.9559164733178654, 
        0.9559164733178654, 
        0.962877030162413, 
        0.9698375870069605, 
        0.9651972157772621, 
        0.974477958236659, 
        0.974477958236659, 
        0.974477958236659, 
        0.974477958236659, 
        0.974477958236659, 
        0.974477958236659, 
        0.974477958236659, 
        0.974477958236659, 
        0.974477958236659, 
        0.974477958236659
    ], 
    "accuracy": [
        0.4642857142857143, 
        0.6190476190476191, 
        0.6190476190476191, 
        0.6190476190476191, 
        0.6190476190476191, 
        0.6190476190476191, 
        0.6190476190476191, 
        0.6190476190476191, 
        0.5773809523809523, 
        0.6130952380952381, 
        0.6607142857142857, 
        0.6428571428571429, 
        0.7202380952380952, 
        0.7440476190476191, 
        0.7321428571428571, 
        0.7142857142857143, 
        0.7559523809523809, 
        0.7142857142857143, 
        0.7738095238095238, 
        0.7142857142857143, 
        0.7738095238095238, 
        0.7440476190476191, 
        0.8452380952380952, 
        0.8452380952380952, 
        0.8511904761904762, 
        0.8154761904761905, 
        0.8630952380952381, 
        0.8690476190476191, 
        0.8690476190476191, 
        0.8690476190476191, 
        0.8690476190476191, 
        0.8690476190476191, 
        0.8690476190476191, 
        0.8690476190476191, 
        0.875, 
        0.8869047619047619, 
        0.8809523809523809, 
        0.9107142857142857, 
        0.9226190476190477, 
        0.9285714285714286, 
        0.9345238095238095, 
        0.9464285714285714, 
        0.9523809523809523, 
        0.9702380952380952, 
        0.9702380952380952, 
        0.9702380952380952, 
        0.9702380952380952, 
        0.9702380952380952, 
        0.9761904761904762, 
        0.9761904761904762, 
        0.9761904761904762, 
        0.9821428571428571, 
        0.9821428571428571, 
        0.9821428571428571, 
        0.9940476190476191, 
        0.9821428571428571, 
        0.9940476190476191, 
        0.9940476190476191, 
        0.9940476190476191, 
        1.0, 
        1.0, 
        1.0, 
        1.0, 
        1.0, 
        1.0, 
        1.0, 
        1.0, 
        1.0, 
        1.0, 
        1.0, 
        1.0
    ],