{
    "accuracy_va": [
        0.5266821345707656, 
        0.4733178654292343, 
        0.4733178654292343, 
        0.4733178654292343, 
        0.5266821345707656, 
        0.4733178654292343, 
        0.691415313225058, 
        0.4733178654292343, 
        0.8955916473317865, 
        0.8955916473317865, 
        0.8955916473317865, 
        0.8955916473317865, 
        0.8955916473317865, 
        0.8955916473317865, 
        0.8955916473317865, 
        0.8955916473317865, 
        0.8955916473317865, 
        0.8955916473317865, 
        0.8955916473317865, 
        0.9118329466357309, 
        0.9118329466357309, 
        0.9350348027842227, 
        0.962877030162413, 
        0.962877030162413
    ], 
    "error": [
        0.13605627151354122, 
        0.13145279687698905, 
        0.12609741164749894, 
        0.1259516234738206, 
        0.12575197751372627, 
        0.12157003720689769, 
        0.11740304515567314, 
        0.10991337521189584, 
        0.1056358624840614, 
        0.06576405164307435, 
        0.061981116304539376, 
        0.06198032877131953, 
        0.06197997262028414, 
        0.06197959534471181, 
        0.06197955241304388, 
        0.0619792703247905, 
        0.06197856077988427, 
        0.06197720537781978, 
        0.061973593152563115, 
        0.061939603458446076, 
        0.05401256037547481, 
        0.054012560375474805, 
        0.043529237577171066, 
        0.03320772558318688
    ], 
    "error_va": [
        0.12869696081282717, 
        0.12778973341152147, 
        0.12822053881220266, 
        0.13099103226952635, 
        0.11921803301929514, 
        0.12226025034715314, 
        0.10890390743024984, 
        0.12052819480456858, 
        0.05213875210513868, 
        0.05183862132362407, 
        0.0518151697203941, 
        0.05178590726186856, 
        0.05176196800900983, 
        0.05175955903822819, 
        0.051744676833455724, 
        0.051712472014272155, 
        0.05166501828624404, 
        0.051582774040900434, 
        0.05134367613673447, 
        0.04376705707666523, 
        0.04376705707666523, 
        0.03156974216516366, 
        0.01885071155931015, 
        0.01856130946474155
    ], 
    "gradient_norm": [
        0.07235380467598566, 
        0.06079847419591255, 
        0.05714769532038691, 
        0.10957252755711992, 
        0.18693605828861254, 
        0.23385123484842274, 
        0.29603433094065823, 
        1.3110313227539143, 
        6.665356793535123, 
        0.2530564036047838, 
        0.06501775999395235, 
        0.057683609952321406, 
        0.06634432399264706, 
        0.06732116434098603, 
        0.07394733428559451, 
        0.09354225015733925, 
        0.13160085314393746, 
        0.24060894801769175, 
        1.2156108374592598, 
        24.35067159707763, 
        24.35067159707763, 
        39.67403154024244, 
        19.81839131432019, 
        5.457370742542538e-17
    ], 
    "time": [
        18.138, 
        26.879, 
        35.811, 
        49.983, 
        68.649, 
        84.35, 
        105.929, 
        112.76899999999999, 
        119.089, 
        127.51100000000001, 
        133.398, 
        151.566, 
        163.489, 
        171.96200000000002, 
        182.054, 
        194.776, 
        206.516, 
        217.75300000000001, 
        226.048, 
        232.006, 
        254.646, 
        265.57599999999996, 
        280.034, 
        287.98699999999997
    ], 
    "accuracy": [
        0.512396694214876, 
        0.48760330578512395, 
        0.512396694214876, 
        0.512396694214876, 
        0.512396694214876, 
        0.48760330578512395, 
        0.512396694214876, 
        0.6694214876033058, 
        0.512396694214876, 
        0.8677685950413223, 
        0.8760330578512396, 
        0.8760330578512396, 
        0.8760330578512396, 
        0.8760330578512396, 
        0.8760330578512396, 
        0.8760330578512396, 
        0.8760330578512396, 
        0.8760330578512396, 
        0.8760330578512396, 
        0.8760330578512396, 
        0.8925619834710744, 
        0.8925619834710744, 
        0.9090909090909091, 
        0.9338842975206612
    ]
}