{
    "gradient_norm": [
        0.0451360150054796, 
        0.09871064862851503, 
        0.09739989350387922, 
        0.09123228646586955, 
        0.10943060145368923, 
        0.680698287015443, 
        0.8258605296790927, 
        1.2441876807885555, 
        1.2441876807885552, 
        1.239147864890054, 
        1.1538978284362693, 
        1.0568562000631576, 
        0.83970983466171, 
        1.2543414722209552, 
        0.7253450209481344, 
        0.8285135368952599, 
        0.8601371776287562, 
        0.9367149326244211, 
        1.141754158287582, 
        1.52950842025236, 
        1.0550997475114732, 
        1.2196381247540653, 
        0.8845330665627191, 
        1.1003180449683172, 
        0.7833165270934287, 
        1.033562492070605, 
        0.602194676562511, 
        0.7012415908539974, 
        0.7567985920726998, 
        0.8546140997912074, 
        1.3903130638959549, 
        6.904404294965388, 
        2.201052180886365, 
        0.012535245550092515, 
        0.0
    ], 
    "accuracy_va": [
        0.6705336426914154, 
        0.6705336426914154, 
        0.6705336426914154, 
        0.6705336426914154, 
        0.6705336426914154, 
        0.6519721577726219, 
        0.5823665893271461, 
        0.5707656612529002, 
        0.5707656612529002, 
        0.568445475638051, 
        0.665893271461717, 
        0.6194895591647331, 
        0.7122969837587007, 
        0.691415313225058, 
        0.7215777262180975, 
        0.8213457076566125, 
        0.8190255220417634, 
        0.7911832946635731, 
        0.8120649651972158, 
        0.8167053364269141, 
        0.9071925754060325, 
        0.8955916473317865, 
        0.9698375870069605, 
        0.9582366589327146, 
        0.9976798143851509, 
        0.9721577726218097, 
        0.9953596287703016, 
        0.9953596287703016, 
        0.9953596287703016, 
        0.9953596287703016, 
        1.0, 
        0.9907192575406032, 
        0.9976798143851509, 
        1.0, 
        0.5939675174013921
    ], 
    "accuracy": [
        0.38095238095238093, 
        0.6190476190476191, 
        0.6190476190476191, 
        0.6190476190476191, 
        0.6190476190476191, 
        0.6190476190476191, 
        0.6309523809523809, 
        0.6130952380952381, 
        0.6369047619047619, 
        0.6369047619047619, 
        0.6309523809523809, 
        0.6726190476190477, 
        0.7023809523809523, 
        0.7321428571428571, 
        0.7440476190476191, 
        0.7261904761904762, 
        0.8690476190476191, 
        0.875, 
        0.8452380952380952, 
        0.8333333333333334, 
        0.8809523809523809, 
        0.9285714285714286, 
        0.9464285714285714, 
        0.9821428571428571, 
        0.9880952380952381, 
        1.0, 
        0.9940476190476191, 
        1.0, 
        1.0, 
        1.0, 
        1.0, 
        1.0, 
        0.9880952380952381, 
        1.0, 
        1.0
    ], 
    "error_va": [
        0.14797217586013722, 
        0.11040443876816754, 
        0.11186334552986683, 
        0.1115654106224726, 
        0.11036284599190492, 
        0.1105483011275532, 
        0.11303811906032284, 
        0.10644957461127243, 
        0.10644957461127243, 
        0.10494137330472472, 
        0.09693666109219595, 
        0.09734646205959965, 
        0.08575520531505818, 
        0.09246743893402513, 
        0.07836985365926606, 
        0.07533359152302097, 
        0.07605396869897635, 
        0.07772830318360006, 
        0.05750528120802712, 
        0.06609809816167586, 
        0.042452816370342546, 
        0.044746238763489814, 
        0.033304267469647354, 
        0.03432633323306376, 
        0.026136322046092654, 
        0.02869279513185998, 
        0.020145544141705485, 
        0.019218150343174863, 
        0.01944757187354908, 
        0.01966308745636568, 
        0.01767138706741813, 
        0.004710671497433257, 
        0.0045807356742521305, 
        0.0002877159187329782, 
        0.20301624129930396
    ], 
    "error": [
        0.17900172994102703, 
        0.1708902348825336, 
        0.11958387858464063, 
        0.11799715013237089, 
        0.11713236543833043, 
        0.11681773742385362, 
        0.11039256972178034, 
        0.10933227021871174, 
        0.09763592140094499, 
        0.09763592140094499, 
        0.09663490413659416, 
        0.09387420328683338, 
        0.08896899507961784, 
        0.08354727750285937, 
        0.08180840161587255, 
        0.07906555733027149, 
        0.06919669087998916, 
        0.06914185862781641, 
        0.06910757950627953, 
        0.05422182473321139, 
        0.05137933188764159, 
        0.03786099791087799, 
        0.03351318425759521, 
        0.027730892451955078, 
        0.02542169050568887, 
        0.02422514710535137, 
        0.02113882628233099, 
        0.016878347223559794, 
        0.014499646276632583, 
        0.014440123637867088, 
        0.014326226394345408, 
        0.012942218028862912, 
        0.004757524633024297, 
        0.0038375673922702116, 
        0.0002678577343384116, 
        0.19345238095238096
    ]
}