{
    "gradient_norm": [
        0.06839528392936124, 
        0.049204422144550675, 
        0.04566648128720339, 
        0.04694377999987696, 
        0.12984487628111255, 
        0.15441820034190235, 
        0.18824934760857903, 
        0.3895888482445678, 
        0.749720869826457, 
        1.0152069619030282, 
        0.9351246105469616, 
        1.232943976977118, 
        0.9691429529681731, 
        1.2694251182413254, 
        0.8822812198607272, 
        1.3034015491899689, 
        0.9239006508925929, 
        1.2879483944452415, 
        0.7971449046758663, 
        1.7500522390905546, 
        0.8679475123916778, 
        1.5855979053140519, 
        0.9706566978444461, 
        0.9462416961124679, 
        1.408473815246324, 
        0.48042106405040796, 
        0.9190445052963314, 
        0.5428207639760273, 
        0.7420409838038747, 
        0.18425085591445975, 
        0.2059880030180957, 
        0.0
    ], 
    "accuracy_va": [
        0.6705336426914154, 
        0.6705336426914154, 
        0.6705336426914154, 
        0.6705336426914154, 
        0.6705336426914154, 
        0.6705336426914154, 
        0.6705336426914154, 
        0.5893271461716937, 
        0.6682134570765661, 
        0.5846867749419954, 
        0.665893271461717, 
        0.5754060324825986, 
        0.6751740139211136, 
        0.6148491879350348, 
        0.7146171693735499, 
        0.6241299303944315, 
        0.7192575406032483, 
        0.6682134570765661, 
        0.7076566125290024, 
        0.8561484918793504, 
        0.8538283062645011, 
        0.8491879350348028, 
        0.9303944315545244, 
        0.9048723897911833, 
        0.9907192575406032, 
        1.0, 
        1.0, 
        1.0, 
        1.0, 
        1.0, 
        1.0, 
        0.3480278422273782
    ], 
    "accuracy": [
        0.6190476190476191, 
        0.6190476190476191, 
        0.6190476190476191, 
        0.6190476190476191, 
        0.6190476190476191, 
        0.6190476190476191, 
        0.6190476190476191, 
        0.6190476190476191, 
        0.6369047619047619, 
        0.6428571428571429, 
        0.6369047619047619, 
        0.6369047619047619, 
        0.6547619047619048, 
        0.6964285714285714, 
        0.6845238095238095, 
        0.7321428571428571, 
        0.6964285714285714, 
        0.7380952380952381, 
        0.7380952380952381, 
        0.6845238095238095, 
        0.8869047619047619, 
        0.875, 
        0.8869047619047619, 
        0.9583333333333334, 
        0.8928571428571429, 
        1.0, 
        1.0, 
        1.0, 
        1.0, 
        1.0, 
        1.0, 
        1.0
    ], 
    "error_va": [
        0.11223836887659805, 
        0.11273978141373156, 
        0.11195098605384927, 
        0.1114318112589907, 
        0.11026299795884932, 
        0.11097798084568497, 
        0.11208429151175005, 
        0.11620048720313046, 
        0.1108761801140231, 
        0.11557843652699692, 
        0.10987522866609163, 
        0.11523210810380138, 
        0.10572222470727205, 
        0.11087137319119016, 
        0.10025728294581601, 
        0.10675069042531546, 
        0.09645303125772944, 
        0.0973846734576795, 
        0.07643738532719661, 
        0.06446611758619086, 
        0.05447377606632002, 
        0.05897403050370348, 
        0.04526224621314768, 
        0.034941406316713025, 
        0.02185449635857614, 
        0.013034132505878013, 
        0.01474533783408383, 
        0.0073077655440873185, 
        0.007973337589059961, 
        0.0035149550451170587, 
        0.0010973795499073051, 
        0.3259860788863109
    ], 
    "error": [
        0.12253453533929645, 
        0.11878511446207429, 
        0.11813434364488923, 
        0.11783367865056779, 
        0.11780221015804766, 
        0.11645701918303059, 
        0.11593666985952723, 
        0.11547150201811443, 
        0.11460879361669192, 
        0.11090722283502655, 
        0.10936539984208567, 
        0.10818983866552563, 
        0.10481742162582751, 
        0.10051869867608117, 
        0.09921256792285815, 
        0.09485679826197901, 
        0.09439503961380867, 
        0.09098888027078195, 
        0.086476342073233, 
        0.07922874005980277, 
        0.054580110536658046, 
        0.05279583255470412, 
        0.04817285674553703, 
        0.039873971325033813, 
        0.03815084655974122, 
        0.017951397287199463, 
        0.012285108515312036, 
        0.010998642663425434, 
        0.006729437973500116, 
        0.005661330682465678, 
        0.0036549816213074173, 
        0.0008532818309717411, 
        0.2976190476190476
    ]
}