{
    "gradient_norm": [
        0.11145035341744887, 
        0.1095811571100163, 
        0.12833995947805343, 
        0.208886945321923, 
        0.2881317564012962, 
        0.3300522870022591, 
        0.3587854927995272, 
        45.917011138657465, 
        2.3507114990277625e-48, 
        2.3507114990277625e-48
    ], 
    "accuracy_va": [
        0.5266821345707656, 
        0.46867749419953597, 
        0.5266821345707656, 
        0.4733178654292343, 
        0.6241299303944315, 
        0.7749419953596288, 
        0.5034802784222738, 
        0.9211136890951276, 
        0.9443155452436195, 
        0.9443155452436195
    ], 
    "accuracy": [
        0.48760330578512395, 
        0.48760330578512395, 
        0.512396694214876, 
        0.48760330578512395, 
        0.512396694214876, 
        0.5950413223140496, 
        0.8099173553719008, 
        0.5371900826446281, 
        0.8760330578512396, 
        0.9090909090909091
    ], 
    "error_va": [
        0.12769465189381177, 
        0.12869576656708664, 
        0.12168828122194529, 
        0.12374234391298611, 
        0.10827840901193699, 
        0.10364188201794476, 
        0.1047938903945934, 
        0.03875360843964072, 
        0.027795269697985778, 
        0.027795269697985778
    ], 
    "error": [
        0.13219696825639313, 
        0.12882452312131729, 
        0.12618132533016024, 
        0.12344487311109777, 
        0.11916792114269666, 
        0.11174029860951155, 
        0.10195423261981579, 
        0.10153523328031788, 
        0.059541931975435614, 
        0.045454545454545456
    ]
}