{
    "accuracy_va": [
        0.5452436194895591, 
        0.5498839907192575, 
        0.4988399071925754, 
        0.7215777262180975, 
        0.6751740139211136, 
        0.7354988399071926, 
        0.7354988399071926, 
        0.7053364269141531, 
        0.7424593967517401, 
        0.740139211136891, 
        0.740139211136891, 
        0.7447795823665894, 
        0.7470997679814385, 
        0.5011600928074246
    ], 
    "error": [
        0.12788163113637768, 
        0.12318564351220064, 
        0.1221321448489263, 
        0.11630881846836554, 
        0.09719355660112107, 
        0.08926366965143057, 
        0.08368169253518604, 
        0.08106546893405536, 
        0.0767082880356317, 
        0.07462382536968945, 
        0.07420485736753943, 
        0.07420485736753943, 
        0.07309552258690416, 
        0.0708327967085378
    ], 
    "error_va": [
        0.12232285000528115, 
        0.12172217293510833, 
        0.12339160061927683, 
        0.10666818972824019, 
        0.10231832299440599, 
        0.09814359567974992, 
        0.10070290133191943, 
        0.14090363478836684, 
        0.12744824575920874, 
        0.1269873327658996, 
        0.1269873327658996, 
        0.12493409893779815, 
        0.12440160005994132, 
        0.2494199535962877
    ], 
    "gradient_norm": [
        0.10398199020508331, 
        0.12100230730978928, 
        0.4209972025372912, 
        0.7463963845781291, 
        0.7717081729084858, 
        0.9428363469739532, 
        1.3448957642229271, 
        5.773791824409875, 
        21.26113402906953, 
        16.009497161552954, 
        16.009497161552954, 
        1.972335565713643, 
        20.186134602636734, 
        1.0966457930985715e-22
    ], 
    "time": [
        22.817, 
        45.161, 
        66.283, 
        90.39, 
        115.417, 
        128.89999999999998, 
        157.03, 
        179.50900000000001, 
        189.48999999999998, 
        201.87800000000001, 
        253.39299999999997, 
        261.509, 
        273.714, 
        289.474
    ], 
    "accuracy": [
        0.5040650406504065, 
        0.4959349593495935, 
        0.5528455284552846, 
        0.4959349593495935, 
        0.7317073170731707, 
        0.8048780487804879, 
        0.8048780487804879, 
        0.7886178861788617, 
        0.8373983739837398, 
        0.8455284552845529, 
        0.8455284552845529, 
        0.8455284552845529, 
        0.8536585365853658, 
        0.8536585365853658
    ]
}