DATASET,TOT,BACKWARD,LS,DIRECTION
CUP,61698.247,7049.566999999997,48857.29950000002,101.62500000000028
