{
    "f1_score": 1.0, 
    "hyperparameters": {
        "error_goal": 0.0001, 
        "sigma_2": 0.17620930670948387, 
        "sigma_1": 0.0001, 
        "rho": 0.0, 
        "d_m": "modified", 
        "max_epochs": 1000, 
        "beta_m": "pr", 
        "activation": "sigmoid -> sigmoid -> sigmoid", 
        "topology": "17 -> 4 -> 8 -> 1"
    }, 
    "accuracy_score": 1.0, 
    "statistics": {
        "std": 3.374518945177391e-05, 
        "values": {
            "train": [
                8.916179080016028e-05, 
                4.7190495947597484e-05, 
                2.75051615703437e-05, 
                2.8989730821436184e-05, 
                7.391119876751561e-05
            ], 
            "validation": [
                1.2889318420865025e-05, 
                8.338739311112905e-06, 
                9.515464613454117e-05, 
                6.421620629664017e-05, 
                2.1861218868720605e-05
            ]
        }, 
        "mean": 4.0492025806375975e-05
    }
}