{
    "f1_score": 0.9913043478260869, 
    "hyperparameters": {
        "error_goal": 0.0001, 
        "sigma_2": 0.2672244071684343, 
        "sigma_1": 0.0001, 
        "rho": 0.19804269961378385, 
        "d_m": "modified", 
        "max_epochs": null, 
        "beta_m": "mhs", 
        "activation": "sigmoid -> sigmoid -> sigmoid", 
        "topology": "17 -> 4 -> 8 -> 1"
    }, 
    "accuracy_score": 0.9916666666666668, 
    "statistics": {
        "std": 0.005326185243307581, 
        "values": {
            "train": [
                0.0034382138909704587, 
                6.319685069727603e-05, 
                4.480232286895299e-05, 
                4.88151606961562e-05, 
                2.1765405452644097e-05
            ], 
            "validation": [
                0.013384181950885513, 
                3.059067771007184e-06, 
                0.0001697838808865238, 
                4.084378033822815e-06, 
                0.00010166280506706209
            ]
        }, 
        "mean": 0.0027325544165287857
    }
}