{
    "f1_score": 1.0, 
    "hyperparameters": {
        "error_goal": 0.0001, 
        "sigma_2": 0.30468887376197795, 
        "sigma_1": 0.0001, 
        "rho": 0.0, 
        "d_m": "modified", 
        "max_epochs": null, 
        "beta_m": "hs", 
        "activation": "sigmoid -> sigmoid -> sigmoid", 
        "topology": "17 -> 4 -> 8 -> 1"
    }, 
    "accuracy_score": 1.0, 
    "statistics": {
        "std": 1.2152722320079172e-05, 
        "values": {
            "train": [
                9.389434000592517e-05, 
                9.697858450879693e-05, 
                9.348634830403295e-05, 
                9.996288438584439e-05, 
                9.259775548448985e-05
            ], 
            "validation": [
                0.00010640218889742483, 
                0.00010027263439060188, 
                8.968275937347252e-05, 
                0.00011103863803142769, 
                7.728383628667454e-05
            ]
        }, 
        "mean": 9.693601139592031e-05
    }
}