{
    "f1_score": 1.0, 
    "hyperparameters": {
        "error_goal": 0.0001, 
        "sigma_2": 0.3495483950325345, 
        "sigma_1": 0.0001, 
        "rho": 0.0, 
        "d_m": "modified", 
        "max_epochs": 1000, 
        "beta_m": "pr", 
        "activation": "sigmoid -> sigmoid -> sigmoid", 
        "topology": "17 -> 4 -> 8 -> 1"
    }, 
    "accuracy_score": 1.0, 
    "statistics": {
        "std": 6.872789014342146e-05, 
        "values": {
            "train": [
                9.8118669529649e-05, 
                9.89531366354755e-05, 
                3.322410892110384e-05, 
                9.747218403892805e-05, 
                9.471244782205319e-05
            ], 
            "validation": [
                0.00015751578944601613, 
                7.948840274285555e-05, 
                1.0352408075817082e-05, 
                1.997874538126055e-05, 
                0.0001777882665863978
            ]
        }, 
        "mean": 8.902472244646942e-05
    }
}