{
    "f1_score": 0.9894736842105264, 
    "hyperparameters": {
        "error_goal": 0.0001, 
        "sigma_2": 0.359834591298546, 
        "sigma_1": 0.0001, 
        "rho": 0.0, 
        "d_m": "modified", 
        "max_epochs": 1000, 
        "beta_m": "hs", 
        "activation": "sigmoid -> sigmoid -> sigmoid", 
        "topology": "17 -> 4 -> 8 -> 1"
    }, 
    "accuracy_score": 0.9916666666666668, 
    "statistics": {
        "std": 0.008244317429927326, 
        "values": {
            "train": [
                9.976217368390105e-05, 
                9.964777987349966e-05, 
                9.880729935911942e-05, 
                8.328776733822534e-05, 
                9.569981119905652e-05
            ], 
            "validation": [
                0.02085588840994527, 
                0.0006128595387918191, 
                0.00011488294186293618, 
                0.00019477195258083512, 
                7.993102842382898e-05
            ]
        }, 
        "mean": 0.004371666774320938
    }
}