{
    "f1_score": 0.9728506787330315, 
    "hyperparameters": {
        "error_goal": 0.0001, 
        "sigma_2": 0.1935435158545517, 
        "sigma_1": 0.0001, 
        "rho": 0.0, 
        "d_m": "modified", 
        "max_epochs": 1000, 
        "beta_m": "pr", 
        "activation": "sigmoid -> sigmoid -> sigmoid", 
        "topology": "17 -> 4 -> 8 -> 1"
    }, 
    "accuracy_score": 0.975, 
    "statistics": {
        "std": 0.018047962283955808, 
        "values": {
            "train": [
                9.93559671153282e-05, 
                0.005159507795379329, 
                0.005156963698867132, 
                0.005156414279450539, 
                0.00520951978919593
            ], 
            "validation": [
                0.04637480481073338, 
                0.007112346513442762, 
                9.886507396664923e-06, 
                4.314726678144076e-06, 
                3.9468560599714284e-06
            ]
        }, 
        "mean": 0.010701059882862185
    }
}