{
    "f1_score": 1.0, 
    "hyperparameters": {
        "error_goal": 0.0001, 
        "sigma_2": 0.1692339909383233, 
        "sigma_1": 0.0001, 
        "rho": 0.0, 
        "d_m": "modified", 
        "max_epochs": 1000, 
        "beta_m": "hs", 
        "activation": "sigmoid -> sigmoid -> sigmoid", 
        "topology": "17 -> 4 -> 8 -> 1"
    }, 
    "accuracy_score": 1.0, 
    "statistics": {
        "std": 1.0947887205965562e-05, 
        "values": {
            "train": [
                2.994557144731839e-05, 
                3.7224819690892623e-05, 
                2.067616968751399e-05, 
                7.183847523275209e-05, 
                3.414182942993454e-05
            ], 
            "validation": [
                4.1002961964831195e-05, 
                2.9714881976547677e-05, 
                2.3231058663993265e-05, 
                5.543132792226832e-05, 
                3.865042484556212e-05
            ]
        }, 
        "mean": 3.760613107464051e-05
    }
}