{
    "f1_score": 1.0, 
    "hyperparameters": {
        "error_goal": 0.0001, 
        "sigma_2": 0.12702866030087373, 
        "sigma_1": 0.0001, 
        "rho": 0.8588860807111754, 
        "d_m": "modified", 
        "max_epochs": 1000, 
        "beta_m": "mhs", 
        "activation": "sigmoid -> sigmoid -> sigmoid", 
        "topology": "17 -> 4 -> 8 -> 1"
    }, 
    "accuracy_score": 1.0, 
    "statistics": {
        "std": 4.937372727000472e-05, 
        "values": {
            "train": [
                9.441928831358643e-05, 
                9.073913466634383e-05, 
                8.885195793190586e-05, 
                8.06466984937609e-05, 
                6.0797084486227876e-05
            ], 
            "validation": [
                3.556233006018063e-05, 
                0.00011603526129753982, 
                2.6393645156340006e-05, 
                7.068063954558252e-05, 
                0.00015721408751476538
            ]
        }, 
        "mean": 8.117719271488166e-05
    }
}