{
    "f1_score": 0.9866666666666667, 
    "hyperparameters": {
        "error_goal": 0.0001, 
        "sigma_2": 0.11881890942377124, 
        "sigma_1": 0.0001, 
        "rho": 0.0, 
        "d_m": "modified", 
        "max_epochs": null, 
        "beta_m": "hs", 
        "activation": "sigmoid -> sigmoid -> sigmoid", 
        "topology": "17 -> 4 -> 8 -> 1"
    }, 
    "accuracy_score": 0.9916666666666668, 
    "statistics": {
        "std": 0.008461501113519287, 
        "values": {
            "train": [
                9.959194460799041e-05, 
                9.915199641364532e-05, 
                9.687209341670596e-05, 
                9.797035310879802e-05, 
                9.635405225490554e-05
            ], 
            "validation": [
                0.02123609958868543, 
                6.69299228238287e-05, 
                9.92462010772366e-05, 
                0.00012991235963100966, 
                3.390527848189028e-05
            ]
        }, 
        "mean": 0.004313218670139879
    }
}