{
    "f1_score": 1.0, 
    "hyperparameters": {
        "error_goal": 0.0001, 
        "sigma_2": 0.34442544772031264, 
        "sigma_1": 0.0001, 
        "rho": 0.0, 
        "d_m": "modified", 
        "max_epochs": 1000, 
        "beta_m": "pr", 
        "activation": "sigmoid -> sigmoid -> sigmoid", 
        "topology": "17 -> 4 -> 8 -> 1"
    }, 
    "accuracy_score": 1.0, 
    "statistics": {
        "std": 3.0272429725296038e-05, 
        "values": {
            "train": [
                2.6702249297356192e-05, 
                7.047682175837767e-05, 
                8.599156052361058e-05, 
                8.910048609161502e-05, 
                4.864047311690766e-05
            ], 
            "validation": [
                8.183561438177282e-05, 
                1.9912452307612725e-05, 
                2.3169731370088662e-05, 
                5.885041228220495e-05, 
                9.507208126847294e-05
            ]
        }, 
        "mean": 5.576805832203042e-05
    }
}