{
    "f1_score": 1.0, 
    "hyperparameters": {
        "error_goal": 0.0001, 
        "sigma_2": 0.10704141238213151, 
        "sigma_1": 0.0001, 
        "rho": 0.9353467545653399, 
        "d_m": "modified", 
        "max_epochs": null, 
        "beta_m": "mhs", 
        "activation": "sigmoid -> sigmoid -> sigmoid", 
        "topology": "17 -> 4 -> 8 -> 1"
    }, 
    "accuracy_score": 1.0, 
    "statistics": {
        "std": 2.365615649652217e-05, 
        "values": {
            "train": [
                7.804712950620943e-05, 
                7.934802284631501e-05, 
                8.061870213017923e-05, 
                9.482583791326735e-05, 
                8.745162848546945e-05
            ], 
            "validation": [
                8.98487046420389e-05, 
                6.269971140289236e-05, 
                5.8982570134482735e-05, 
                0.00011107790229663558, 
                0.00011593509575710629
            ]
        }, 
        "mean": 8.770879684663118e-05
    }
}