{
    "f1_score": 1.0, 
    "hyperparameters": {
        "error_goal": 0.0001, 
        "sigma_2": 0.2151100229514013, 
        "sigma_1": 0.0001, 
        "rho": 0.0, 
        "d_m": "modified", 
        "max_epochs": 1000, 
        "beta_m": "hs", 
        "activation": "sigmoid -> sigmoid -> sigmoid", 
        "topology": "17 -> 4 -> 8 -> 1"
    }, 
    "accuracy_score": 1.0, 
    "statistics": {
        "std": 1.85584840659258e-05, 
        "values": {
            "train": [
                9.772559086572561e-05, 
                9.762835136607004e-05, 
                9.743839771792868e-05, 
                8.854066165437696e-05, 
                9.488172456808865e-05
            ], 
            "validation": [
                0.00011440339081728169, 
                5.992057194293079e-05, 
                9.367293892339579e-05, 
                0.00010433594800131927, 
                0.00010022499864833808
            ]
        }, 
        "mean": 9.451156966665311e-05
    }
}