{
    "f1_score": 0.992, 
    "hyperparameters": {
        "error_goal": 0.0001, 
        "sigma_2": 0.3367178432219049, 
        "sigma_1": 0.0001, 
        "rho": 0.4188994672112786, 
        "d_m": "modified", 
        "max_epochs": 1000, 
        "beta_m": "mhs", 
        "activation": "sigmoid -> sigmoid -> sigmoid", 
        "topology": "17 -> 4 -> 8 -> 1"
    }, 
    "accuracy_score": 0.9916666666666668, 
    "statistics": {
        "std": 0.005309116062370687, 
        "values": {
            "train": [
                9.863095996373404e-05, 
                9.882579869975487e-05, 
                8.29597158620239e-05, 
                9.652005805813617e-05, 
                6.0739388791177417e-05
            ], 
            "validation": [
                0.013392292856898557, 
                9.046374194921139e-06, 
                7.616454712731001e-05, 
                4.638979525347828e-05, 
                0.0003610503165105229
            ]
        }, 
        "mean": 0.0027769887779969583
    }
}