{
    "f1_score": 1.0, 
    "hyperparameters": {
        "error_goal": 0.0001, 
        "sigma_2": 0.33159266828199296, 
        "sigma_1": 0.0001, 
        "rho": 0.42780560982918825, 
        "d_m": "modified", 
        "max_epochs": 1000, 
        "beta_m": "mhs", 
        "activation": "sigmoid -> sigmoid -> sigmoid", 
        "topology": "17 -> 4 -> 8 -> 1"
    }, 
    "accuracy_score": 1.0, 
    "statistics": {
        "std": 5.661603541297022e-05, 
        "values": {
            "train": [
                9.78609729934266e-05, 
                7.536810751009315e-05, 
                6.391046236151977e-05, 
                8.951695096447142e-05, 
                9.658221201875529e-05
            ], 
            "validation": [
                5.331720773986852e-05, 
                0.00012052643820420754, 
                0.00019305596241475857, 
                6.184490816971487e-05, 
                4.087626745078271e-05
            ]
        }, 
        "mean": 9.392415679586644e-05
    }
}