{
    "f1_score": 1.0, 
    "hyperparameters": {
        "error_goal": 0.0001, 
        "sigma_2": 0.20798976235551103, 
        "sigma_1": 0.0001, 
        "rho": 0.0, 
        "d_m": "modified", 
        "max_epochs": null, 
        "beta_m": "pr", 
        "activation": "sigmoid -> sigmoid -> sigmoid", 
        "topology": "17 -> 4 -> 8 -> 1"
    }, 
    "accuracy_score": 1.0, 
    "statistics": {
        "std": 4.4226376303540845e-05, 
        "values": {
            "train": [
                8.06088189565467e-05, 
                6.704270173799115e-05, 
                9.263545759293998e-05, 
                6.123604114158495e-05, 
                9.483828171774432e-05
            ], 
            "validation": [
                5.991541100191288e-05, 
                0.00011364011468352907, 
                0.0001458775139013522, 
                1.69745620027408e-05, 
                8.382027902049517e-05
            ]
        }, 
        "mean": 8.404557612200602e-05
    }
}