{
    "f1_score": 1.0, 
    "hyperparameters": {
        "error_goal": 0.0001, 
        "sigma_2": 0.16772886078038063, 
        "sigma_1": 0.0001, 
        "rho": 0.0, 
        "d_m": "modified", 
        "max_epochs": null, 
        "beta_m": "pr", 
        "activation": "sigmoid -> sigmoid -> sigmoid", 
        "topology": "17 -> 4 -> 8 -> 1"
    }, 
    "accuracy_score": 1.0, 
    "statistics": {
        "std": 1.785288392960132e-05, 
        "values": {
            "train": [
                9.982666794573155e-05, 
                9.993815903823411e-05, 
                9.904855983208189e-05, 
                9.974191087996615e-05, 
                9.929609492025577e-05
            ], 
            "validation": [
                0.00011305640739259756, 
                8.019275904849717e-05, 
                9.952464073734064e-05, 
                0.00013221064181954053, 
                9.259258637774092e-05
            ]
        }, 
        "mean": 0.00010351540707514337
    }
}