{
    "f1_score": 1.0, 
    "hyperparameters": {
        "error_goal": 0.0001, 
        "sigma_2": 0.3312689212097292, 
        "sigma_1": 0.0001, 
        "rho": 0.0, 
        "d_m": "modified", 
        "max_epochs": null, 
        "beta_m": "hs", 
        "activation": "sigmoid -> sigmoid -> sigmoid", 
        "topology": "17 -> 4 -> 8 -> 1"
    }, 
    "accuracy_score": 1.0, 
    "statistics": {
        "std": 4.5504375645933464e-05, 
        "values": {
            "train": [
                9.993775512220606e-05, 
                9.790967042334199e-05, 
                9.046240344986353e-05, 
                8.363187436279152e-05, 
                9.377603064107199e-05
            ], 
            "validation": [
                0.0001440352613283402, 
                0.0001368226377658316, 
                6.742331467040305e-05, 
                0.00010337466328400639, 
                2.1722661072899638e-05
            ]
        }, 
        "mean": 9.467570762429618e-05
    }
}