{
    "f1_score": 0.9268907563025209, 
    "hyperparameters": {
        "error_goal": 0.0001, 
        "sigma_2": 0.22181670278311308, 
        "sigma_1": 0.0001, 
        "rho": 0.0, 
        "d_m": "modified", 
        "max_epochs": null, 
        "beta_m": "pr", 
        "activation": "sigmoid -> sigmoid -> sigmoid", 
        "topology": "17 -> 4 -> 8 -> 1"
    }, 
    "accuracy_score": 0.9416666666666667, 
    "statistics": {
        "std": 0.03310888279696558, 
        "values": {
            "train": [
                9.986419802127796e-05, 
                9.158037656048764e-05, 
                9.426576979052059e-05, 
                9.855768325861672e-05, 
                9.542079181441771e-05
            ], 
            "validation": [
                0.08596339540115912, 
                0.015172770089606559, 
                0.00036810853607115694, 
                0.0019329850581510178, 
                7.130869641893172e-05
            ]
        }, 
        "mean": 0.020701713556281358
    }
}