{
    "f1_score": 1.0, 
    "hyperparameters": {
        "error_goal": 0.0001, 
        "sigma_2": 0.20907609668878363, 
        "sigma_1": 0.0001, 
        "rho": 0.3280856884335196, 
        "d_m": "modified", 
        "max_epochs": null, 
        "beta_m": "mhs", 
        "activation": "sigmoid -> sigmoid -> sigmoid", 
        "topology": "17 -> 4 -> 8 -> 1"
    }, 
    "accuracy_score": 1.0, 
    "statistics": {
        "std": 3.109054991707061e-05, 
        "values": {
            "train": [
                9.982220156280422e-05, 
                9.950673326717523e-05, 
                9.931790697168296e-05, 
                9.722364960804254e-05, 
                9.742654112984029e-05
            ], 
            "validation": [
                0.000162204576163443, 
                0.00011658068638735482, 
                9.913360994009725e-05, 
                9.133531954633676e-05, 
                6.972164384533335e-05
            ]
        }, 
        "mean": 0.00010779516717651302
    }
}