{
    "f1_score": 0.992, 
    "hyperparameters": {
        "error_goal": 0.0001, 
        "sigma_2": 0.2662788718901356, 
        "sigma_1": 0.0001, 
        "rho": 0.0, 
        "d_m": "modified", 
        "max_epochs": 1000, 
        "beta_m": "pr", 
        "activation": "sigmoid -> sigmoid -> sigmoid", 
        "topology": "17 -> 4 -> 8 -> 1"
    }, 
    "accuracy_score": 0.9916666666666668, 
    "statistics": {
        "std": 0.003491773020049596, 
        "values": {
            "train": [
                9.952316467803139e-05, 
                9.932146587533006e-05, 
                9.801462942191086e-05, 
                9.8746099791908e-05, 
                9.990884654484919e-05
            ], 
            "validation": [
                0.0008977564462296315, 
                0.009228977618514588, 
                0.0012780990620354612, 
                0.00010607565106718208, 
                3.54425577666882e-05
            ]
        }, 
        "mean": 0.0023092702671227102
    }
}