{
    "f1_score": 0.9818181818181818, 
    "hyperparameters": {
        "momentum_type": "standard", 
        "activation": "sigmoid -> sigmoid -> sigmoid", 
        "reg_lambda": 0.0026889447162834357, 
        "eta": 0.7050200057360586, 
        "reg_method": "l2", 
        "alpha": 0.8926861395642205, 
        "topology": "17 -> 4 -> 8 -> 1"
    }, 
    "accuracy_score": 0.9888888888888889, 
    "statistics": {
        "std": 0.00995557590110917, 
        "values": {
            "train": [
                0.004092484701567447, 
                0.004260559142248044, 
                0.004284770265807925, 
                0.004190174120485871, 
                0.015459908392863729
            ], 
            "validation": [
                0.005093653674813917, 
                0.0054635510082122, 
                0.005285642382508554, 
                0.00450300734561085, 
                0.02996228312735011
            ]
        }, 
        "mean": 0.010061627507699126
    }
}