{
    "f1_score": 0.9308278867102396, 
    "hyperparameters": {
        "momentum_type": "standard", 
        "activation": "sigmoid -> sigmoid -> sigmoid", 
        "reg_lambda": 0.0012427251630746962, 
        "eta": 0.7135579961109704, 
        "reg_method": "l2", 
        "alpha": 0.5266263972557543, 
        "topology": "17 -> 4 -> 8 -> 1"
    }, 
    "accuracy_score": 0.9342592592592593, 
    "statistics": {
        "std": 0.031187427607075987, 
        "values": {
            "train": [
                0.011501430362726143, 
                0.010005041680227535, 
                0.010000289254476165, 
                0.027836446832343535, 
                0.010002826729706989
            ], 
            "validation": [
                0.0202591618431753, 
                0.011902065806280651, 
                0.0112531733135615, 
                0.0933120293186505, 
                0.020445439350611733
            ]
        }, 
        "mean": 0.03143437392645594
    }
}