{
    "f1_score": 0.9034725274725275, 
    "hyperparameters": {
        "momentum_type": "standard", 
        "activation": "sigmoid -> sigmoid -> sigmoid", 
        "reg_lambda": 0.0026546428557835053, 
        "eta": 0.6682904914857224, 
        "reg_method": "l2", 
        "alpha": 0.8541515136290774, 
        "topology": "17 -> 4 -> 8 -> 1"
    }, 
    "accuracy_score": 0.9093333333333333, 
    "statistics": {
        "std": 0.016181494841997105, 
        "values": {
            "train": [
                0.018484466519881695, 
                0.02754105674207835, 
                0.018206665403431663, 
                0.015718562354362715, 
                0.017604755498214036
            ], 
            "validation": [
                0.0512752526975356, 
                0.010115598127723726, 
                0.045031183353374304, 
                0.02643299454742139, 
                0.05137384395963644
            ]
        }, 
        "mean": 0.0368457745371383
    }
}