{
    "f1_score": 1.0, 
    "hyperparameters": {
        "momentum_type": "standard", 
        "activation": "sigmoid -> sigmoid -> sigmoid", 
        "reg_lambda": 0.005253565402053155, 
        "eta": 0.6031334490015905, 
        "reg_method": "l2", 
        "alpha": 0.8968738002280795, 
        "topology": "17 -> 4 -> 8 -> 1"
    }, 
    "accuracy_score": 1.0, 
    "statistics": {
        "std": 0.002078294859426044, 
        "values": {
            "train": [
                0.01000010196720844, 
                0.01000050844790804, 
                0.010000447043035874, 
                0.010000009623012123, 
                0.010001056272455427
            ], 
            "validation": [
                0.0149952393471549, 
                0.014837555075888607, 
                0.011527575879625182, 
                0.009597919238622238, 
                0.01175973644435339
            ]
        }, 
        "mean": 0.012543605197128863
    }
}