{
    "f1_score": 0.9198757763975156, 
    "hyperparameters": {
        "momentum_type": "standard", 
        "activation": "sigmoid -> sigmoid -> sigmoid", 
        "reg_lambda": 0.008098390759259172, 
        "eta": 0.6784878561479037, 
        "reg_method": "l2", 
        "alpha": 0.8805385144462551, 
        "topology": "17 -> 4 -> 8 -> 1"
    }, 
    "accuracy_score": 0.9253333333333333, 
    "statistics": {
        "std": 0.01494169430276477, 
        "values": {
            "train": [
                0.03253973737627909, 
                0.023036040436806307, 
                0.02792624893562639, 
                0.023824523244947445, 
                0.03100875539503059
            ], 
            "validation": [
                0.017493582359323315, 
                0.05262519825862897, 
                0.04267138441753304, 
                0.05693535789654228, 
                0.027429693978459565
            ]
        }, 
        "mean": 0.039431043382097436
    }
}