{
    "f1_score": 0.898080808080808, 
    "hyperparameters": {
        "momentum_type": "standard", 
        "activation": "sigmoid -> sigmoid -> sigmoid", 
        "reg_lambda": 0.0012603028126577723, 
        "eta": 0.6466799975649232, 
        "reg_method": "l2", 
        "alpha": 0.7450015109869064, 
        "topology": "17 -> 4 -> 8 -> 1"
    }, 
    "accuracy_score": 0.9018518518518519, 
    "statistics": {
        "std": 0.012979845480622572, 
        "values": {
            "train": [
                0.030079331358912824, 
                0.01103374926228437, 
                0.030251131092006677, 
                0.03564405126473643, 
                0.030268010801471294
            ], 
            "validation": [
                0.04778859226001452, 
                0.03561954019170067, 
                0.05036973467187056, 
                0.07303886858327616, 
                0.03990456544173576
            ]
        }, 
        "mean": 0.049344260229719536
    }
}