DATASET,MEAN_MSE_TR,STD_MSE_TR,MEAN_MSE_TS,STD_MSE_TS,MEAN_ACCURACY_TR,STD_ACCURACY_TR,MEAN_ACCURACY_TS,STD_ACCURACY_TS,CONVERGENCE,ACC_EPOCHS,LS
MONKS_1,0.007809961192680566,0.023141895707365787,0.021820928543374432,0.042192873712419546,0.9845528455284553,0.046341463414634125,0.9529002320185616,0.08555824058006116,144.7,56.4,5.8295877397838805
MONKS_2,0.00395051146115531,0.016812770035961683,0.012014915600184578,0.03150554046780139,0.9922764227642276,0.03366629265336291,0.9742459396751741,0.06439048074759565,103.4,46.95,4.921603201658174
MONKS_3,0.005403828840318011,0.0150530057244969,0.01807712072444944,0.027357083884976145,0.9893413066362069,0.03015701154166642,0.9598607888631092,0.057078923988797936,172.83333333333334,34.96666666666667,5.291260503039229
