DATASET,TOT,BACKWARD,LS,DIRECTION,BACKWARD_P,LS_P,DIRECTION_P
MONKS_1,3.6971542,0.3715535000000062,1.5907280000000006,0.011118000000000032,9.721,43.359,0.302
MONKS_2,3.8892914500000004,0.3906821000000032,1.7324666999999994,0.011355150000000034,9.813,45.557,0.289
MONKS_3,6.492514600000002,0.6516990333333427,2.8165053333333323,0.01940563333333335,9.861,44.456,0.295
