DATASET,MEAN_MSE_TR,STD_MSE_TR,MEAN_MSE_TS,STD_MSE_TS,MEAN_ACCURACY_TR,STD_ACCURACY_TR,MEAN_ACCURACY_TS,STD_ACCURACY_TS,CONVERGENCE,ACC_EPOCHS,LS
MONKS_1,9.886902492097914e-05,8.941658118418721e-07,0.0014478009669946393,0.0015492522863903106,1.0,0.0,0.9972157772621809,0.004124452165807711,118.8,78.1,5.958121697858726
MONKS_2,,,,,0.9690476190476189,0.13491830063340182,0.9634570765661252,0.14555512987092134,142.05,63.8,5.213708725899975
MONKS_3,,,,,0.9746818837727927,0.11116827748625192,0.9549883990719259,0.11987765386008224,284.1,45.6,5.737840449048989
