DATASET,MEAN_MSE_TR,STD_MSE_TR,MEAN_MSE_TS,STD_MSE_TS,MEAN_ACCURACY_TR,STD_ACCURACY_TR,MEAN_ACCURACY_TS,STD_ACCURACY_TS,CONVERGENCE,LS
MONKS_1,0.07723541589750929,0.0,0.09287655511494562,0.0,0.8455284552845529,0.0,0.814385150812065,0.0,2003.0,8.274588117823265
MONKS_2,0.03866669361471627,0.03856872228279301,0.053323535152610325,0.0395530199623353,0.9227642276422765,0.07723577235772355,0.8897911832946636,0.07540603248259858,1058.0,5.8069369160544895
MONKS_3,0.025811120299379205,0.0363624681443677,0.04775615839995997,0.03324082269197269,0.948509485094851,0.07281858451243577,0.8986852281515855,0.06284044258552782,2062.6666666666665,6.6276983845505315
