DATASET,TOT,BACKWARD,LS,DIRECTION,BACKWARD_P,LS_P,DIRECTION_P
MONKS_1,5.9772758999999995,0.6119268000000005,2.6512286999999994,0.01791050000000006,10.209,45.21,0.3
MONKS_2,4.32634955,0.4292280000000005,1.9262356499999993,0.012896000000000043,9.627,45.307,0.288
MONKS_3,6.886021966666666,0.6997168333333411,3.0137654666666673,0.02076613333333344,9.846,44.428,0.294
