DATASET,MEAN_MSE_TR,STD_MSE_TR,MEAN_MSE_TS,STD_MSE_TS,MEAN_ACCURACY_TR,STD_ACCURACY_TR,MEAN_ACCURACY_TS,STD_ACCURACY_TS,CONVERGENCE,LS
MONKS_1,9.307874734873566e-06,0.0,0.028347890301419782,0.0,1.0,0.0,0.9350348027842227,0.0,1378.0,8.148766328011611
MONKS_2,6.729124310764368e-06,2.5787504241091977e-06,0.014797684593107619,0.013550205708312165,1.0,0.0,0.9675174013921113,0.03248259860788866,1016.0,7.987227200703053
MONKS_3,0.004136773049688625,0.005840764511979886,0.02116463648422201,0.014264695437544888,0.9917355371900826,0.011687715391513196,0.9543696829079659,0.032390396893073374,2253.3333333333335,8.072421066684155
