DATASET,TOT,BACKWARD,LS,DIRECTION,BACKWARD_P,LS_P,DIRECTION_P
MONKS_1,1.7397323,0.17441319999999924,0.7903954000000001,0.004911299999999997,9.951,45.589,0.281
MONKS_2,2.0450402999999997,0.240638900000002,0.9101832000000003,0.005808100000000001,9.947,46.087,0.274
MONKS_3,4.453812,0.46874863333333733,1.9293081333333337,0.01320073333333336,9.846,44.701,0.289
