DATASET,MEAN_MSE_TR,STD_MSE_TR,MEAN_MSE_TS,STD_MSE_TS,MEAN_ACCURACY_TR,STD_ACCURACY_TR,MEAN_ACCURACY_TS,STD_ACCURACY_TS,CONVERGENCE,LS
MONKS_1,9.876223228678238e-05,0.0,0.00043226733084441373,0.0,1.0,0.0,1.0,0.0,98.0,5.56701030927835
MONKS_2,9.933551021657157e-05,5.732779297891916e-07,0.0002921110227336172,0.00014015630811079654,1.0,0.0,1.0,0.0,80.5,4.856085799800466
MONKS_3,9.951703143429895e-05,5.338523155574511e-07,0.010095303192936595,0.013864279617503637,1.0,0.0,0.9752513534416086,0.03499987161325525,105.66666666666667,5.205132468684181
