DATASET,TOT,BACKWARD,LS,DIRECTION,BACKWARD_P,LS_P,DIRECTION_P
MONKS_1,4.851349699999999,0.43399319999999914,2.0603434,0.014517099999999995,8.965,42.676,0.297
MONKS_2,3.4883666000000004,0.31536234999999946,1.5147768,0.01007315,9.07,44.428,0.279
MONKS_3,4.542614766666666,0.4349252333333328,1.9654355333333333,0.013379133333333331,9.412,44.094,0.287
