DATASET,TOT,BACKWARD,LS,DIRECTION,BACKWARD_P,LS_P,DIRECTION_P
MONKS_1,2.0306184,0.18650660000000047,0.8364901000000001,0.006641900000000001,8.708,41.181,0.334
MONKS_2,2.36480245,0.2193954499999995,0.9897603000000006,0.007185350000000002,8.739,41.816,0.311
MONKS_3,4.923183066666668,0.4734710666666638,2.0633103000000004,0.014971600000000002,9.093,41.903,0.309
