DATASET,MEAN_MSE_TR,STD_MSE_TR,MEAN_MSE_TS,STD_MSE_TS,MEAN_ACCURACY_TR,STD_ACCURACY_TR,MEAN_ACCURACY_TS,STD_ACCURACY_TS,CONVERGENCE,ACC_EPOCHS,LS
MONKS_1,0.005993447699763551,0.012788472329138937,0.01253439970491054,0.027519970098943653,0.9861788617886178,0.028175160083192607,0.9705336426914153,0.059462423816612056,348.3,216.7,6.254372906847138
MONKS_2,0.003967267443281816,0.010062688754010084,0.011382614377793766,0.02898249664317338,0.9907084785133566,0.02279206148763925,0.9738979118329466,0.06407609611312257,258.9,176.8,5.179336105200251
MONKS_3,0.005205827324444644,0.009291284759609074,0.016961064929165534,0.025560924858544942,0.9882960104689593,0.02042432899345776,0.9610208816705335,0.05696327390139157,428.46666666666664,136.96666666666667,5.994800562881002
