DATASET,MEAN_MSE_TR,STD_MSE_TR,MEAN_MSE_TS,STD_MSE_TS,MEAN_ACCURACY_TR,STD_ACCURACY_TR,MEAN_ACCURACY_TS,STD_ACCURACY_TS,CONVERGENCE,ACC_EPOCHS,LS
MONKS_1,0.0022101270837899195,0.006337494321644727,0.012361134259596823,0.030916278710841683,0.9934959349593496,0.019512195121951223,0.9693735498839906,0.07883033362652306,183.6,102.7,5.310879119424823
MONKS_2,0.0011505678326765487,0.004604861610674025,0.007108209375996673,0.022545986018203602,0.9967479674796749,0.01417528111720545,0.9823665893271463,0.05738602843833495,127.9,74.4,4.83856358541356
MONKS_3,0.003810418829319422,0.007871071460284138,0.014454525642424705,0.02144441565543979,0.991771372259177,0.017865723316202137,0.966047950502707,0.05310635185213592,218.43333333333334,52.4,5.652938383865564
