DATASET,MEAN_MSE_TR,STD_MSE_TR,MEAN_MSE_TS,STD_MSE_TS,MEAN_ACCURACY_TR,STD_ACCURACY_TR,MEAN_ACCURACY_TS,STD_ACCURACY_TS,CONVERGENCE,ACC_EPOCHS,LS
MONKS_1,0.007794622468210895,0.011941691254870464,0.013951041568567284,0.018923038828297142,0.9845528455284553,0.023966508899160438,0.9721577726218097,0.03818097898974334,234.6,73.5,6.3685788640028695
MONKS_2,0.003944654516325112,0.009280318382742658,0.008117298769425187,0.01506134451160537,0.9922764227642276,0.01862392063244765,0.9831786542923435,0.030621835762913035,149.45,56.65,5.152594799804564
MONKS_3,0.0047587024775642495,0.008654206499189625,0.014690851493880936,0.016154751544272185,0.9901677529171985,0.01743852585080536,0.9662026295436968,0.03687408513520325,225.2,47.5,5.808580540330249
