DATASET,TOT,BACKWARD,LS,DIRECTION
MONKS_1,17745.574999999997,1818.3160000000744,7783.096000000004,52.8409999999997
MONKS_2,9543.038999999999,970.6965000000373,4221.567000000002,28.15899999999985
MONKS_3,7091.602666666666,715.0963333333583,3129.2616666666677,21.100666666666566
