DATASET,MEAN_MSE_TR,STD_MSE_TR,MEAN_MSE_TS,STD_MSE_TS,MEAN_ACCURACY_TR,STD_ACCURACY_TR,MEAN_ACCURACY_TS,STD_ACCURACY_TS
MONKS_1,9.937062312944741e-05,5.202645577332839e-07,0.000591123351227987,0.0004928912467301585,1.0,0.0,0.9986078886310905,0.0015390370256869563
MONKS_2,9.850351109880076e-05,2.6006535345565707e-06,0.0019396449397793148,0.004477309471766587,1.0,0.0,0.9954756380510441,0.010019199811158428
MONKS_3,0.0032451128577070452,0.006153193509145184,0.010702670723763396,0.013773614393560127,0.9936639118457299,0.012384444514043538,0.9754060324825987,0.031378884267377415
