DATASET,TOT,BACKWARD,LS,DIRECTION,BACKWARD_P,LS_P,DIRECTION_P
MONKS_1,2.3745803,0.23528510000000077,1.0455333,0.006597699999999998,9.649,44.814,0.28
MONKS_2,1.9954781500000007,0.19204779999999938,0.8894869999999999,0.005450349999999997,9.059,46.663,0.265
MONKS_3,2.7777683333333334,0.2727268666666667,1.2264603999999997,0.007724266666666669,9.287,47.106,0.265
