DATASET,MEAN_MSE_TR,STD_MSE_TR,MEAN_MSE_TS,STD_MSE_TS,MEAN_ACCURACY_TR,STD_ACCURACY_TR,MEAN_ACCURACY_TS,STD_ACCURACY_TS,CONVERGENCE,ACC_EPOCHS,LS
MONKS_1,0.005290016083807662,0.015587405989701672,0.012976112030699972,0.03577144721046537,0.9894308943089432,0.03170731707317074,0.9723897911832946,0.07679393796181085,240.4,116.5,6.366077436295937
MONKS_2,0.002690223618565853,0.011324427199951238,0.007696406533887605,0.025960940524597645,0.9947154471544716,0.023034831815458845,0.9832946635730858,0.05575980980171704,169.1,86.05,5.063870316823314
MONKS_3,0.01557540301772476,0.044941780634238884,0.02208718705256609,0.05060707290017015,0.982978342180116,0.03148053966702973,0.9533642691415314,0.102598999657503,389.1,115.83333333333333,5.851026778007054
