DATASET,MEAN_MSE_TR,STD_MSE_TR,MEAN_MSE_TS,STD_MSE_TS,MEAN_ACCURACY_TR,STD_ACCURACY_TR,MEAN_ACCURACY_TS,STD_ACCURACY_TS,CONVERGENCE,ACC_EPOCHS,LS
MONKS_1,0.002122623952048609,0.00607099988392195,0.005343918518626282,0.015336188553356193,0.9959349593495934,0.012195121951219513,0.9893271461716937,0.03201856148491879,154.5,67.0,3.5766674457188676
MONKS_2,0.0011037652907741706,0.00441214548038067,0.0031947539603633516,0.011183030141331242,0.9979674796747968,0.008859550698253402,0.9936194895591648,0.023373782960835587,116.35,61.85,2.7043985083149207
MONKS_3,0.003086078494015926,0.0055696158862175256,0.011860813112392793,0.015469249680918307,0.9939617908575777,0.011208359528692133,0.9737045630317093,0.034680544972985804,223.6,47.333333333333336,3.342278255343942
