DATASET,TOT,BACKWARD,LS,DIRECTION,BACKWARD_P,LS_P,DIRECTION_P
MONKS_1,4.4770991,0.4498753,1.9468811000000006,0.014005199999999995,9.954,44.25,0.313
MONKS_2,3.14143595,0.3123752000000001,1.4097877000000003,0.009424299999999997,9.68,47.607,0.286
MONKS_3,6.335444533333333,0.6395371333333454,2.7726714,0.01819523333333339,9.792,46.755,0.282
