DATASET,MEAN_MSE_TR,STD_MSE_TR,MEAN_MSE_TS,STD_MSE_TS,MEAN_ACCURACY_TR,STD_ACCURACY_TR,MEAN_ACCURACY_TS,STD_ACCURACY_TS,CONVERGENCE,ACC_EPOCHS,LS
MONKS_1,9.89128095990248e-05,8.127543284672332e-07,0.006999640436490024,0.013272740222607991,1.0,0.0,0.982830626450116,0.032286447864128,151.3,95.0,6.260127435984144
MONKS_2,9.359542938430762e-05,2.11577323281109e-05,0.004871322078629547,0.010007580883885214,0.9997023809523811,0.0012972913522442434,0.9880510440835266,0.024370510041450712,117.15,75.75,5.2323287672522785
MONKS_3,0.00887931407662473,0.01574265577082477,0.011889387449505419,0.012984269101456558,0.9821707333070969,0.031466342151976426,0.9733178654292343,0.029584262105081464,189.0,53.13333333333333,4.856289212124044
