DATASET,TOT,BACKWARD,LS,DIRECTION,BACKWARD_P,LS_P,DIRECTION_P
MONKS_1,3.1347668,0.32083799999999985,1.3949507000000003,0.009057499999999994,10.035,45.046,0.293
MONKS_2,2.3767080999999997,0.23652469999999992,1.07149995,0.006705999999999997,9.246,47.506,0.274
MONKS_3,4.158341833333333,0.4159924,1.873675966666667,0.011878599999999993,9.513,46.64,0.278
