DATASET,MEAN_MSE_TR,STD_MSE_TR,MEAN_MSE_TS,STD_MSE_TS,MEAN_ACCURACY_TR,STD_ACCURACY_TR,MEAN_ACCURACY_TS,STD_ACCURACY_TS,CONVERGENCE,ACC_EPOCHS,LS
MONKS_1,0.013986658169754746,0.028268809367165575,0.02523116931803382,0.050090840668027985,0.9715447154471546,0.05763189788112937,0.9466357308584687,0.10680920990326022,207.7,110.3,6.628014554127651
MONKS_2,0.0165566278861704,0.045136647961976736,0.02189933925946571,0.04958408758462148,0.9845818815331009,0.04308359003524021,0.9547563805104406,0.1026836146640454,155.9,97.75,5.088152055462936
MONKS_3,0.015177808673756026,0.037922527123801834,0.02372756083914266,0.04060187011906386,0.9814567915454833,0.03952310132661971,0.9494199535962876,0.0842228443472233,252.23333333333332,68.73333333333333,5.917817772930495
