DATASET,MEAN_MSE_TR,STD_MSE_TR,MEAN_MSE_TS,STD_MSE_TS,MEAN_ACCURACY_TR,STD_ACCURACY_TR,MEAN_ACCURACY_TS,STD_ACCURACY_TS,CONVERGENCE,LS
MONKS_1,9.382645933072754e-05,0.0,0.00015387914113287253,0.0,1.0,0.0,1.0,0.0,1065.0,8.147556390977444
MONKS_2,9.578795953470483e-05,1.9615002039772954e-06,0.0001317023855049415,2.2176755627931014e-05,1.0,0.0,1.0,0.0,572.5,6.16238579042543
MONKS_3,9.679912177921341e-05,2.147064710150715e-06,0.007561820220276911,0.010507789013370974,1.0,0.0,0.9822119102861562,0.02515615772202723,423.6666666666667,6.0042571936169535
