DATASET,MEAN_MSE_TR,STD_MSE_TR,MEAN_MSE_TS,STD_MSE_TS,MEAN_ACCURACY_TR,STD_ACCURACY_TR,MEAN_ACCURACY_TS,STD_ACCURACY_TS,CONVERGENCE,ACC_EPOCHS,LS
MONKS_1,0.008207759164919396,0.016620705891419476,0.018834605462403238,0.03221853038356626,0.983739837398374,0.03332341712507186,0.9605568445475638,0.06613139549295526,214.6,130.9,6.532876844314254
MONKS_2,0.044296295649162945,0.09614782284157712,0.05249902589290327,0.10129054388887196,0.9683580139372822,0.08021227782796134,0.8936194895591647,0.2024064757235517,175.75,101.15,5.137622008369832
MONKS_3,0.03859329450896785,0.08138195166097802,0.04611128833893559,0.08384980047720483,0.9667841305036425,0.0672184670140467,0.9051044083526681,0.1672855973645263,251.26666666666668,70.96666666666667,5.5710146722465534
