DATASET,TOT,BACKWARD,LS,DIRECTION,BACKWARD_P,LS_P,DIRECTION_P
MONKS_1,2.4983602,0.24219300000000082,1.0674171000000001,0.007330900000000004,9.455,42.435,0.3
MONKS_2,1.6575219500000002,0.16031105000000045,0.7219005000000001,0.004764950000000002,9.552,44.348,0.285
MONKS_3,2.8435435000000004,0.2798921666666677,1.2412027333333335,0.008248233333333339,9.675,44.142,0.287
