DATASET,TOT,BACKWARD,LS,DIRECTION,BACKWARD_P,LS_P,DIRECTION_P
MONKS_1,2.161174,0.2164947999999994,0.951443,0.006202399999999995,9.912,44.397,0.286
MONKS_2,1.7352788000000003,0.17124539999999958,0.7727707500000001,0.004834749999999995,9.596,44.904,0.276
MONKS_3,2.848628133333334,0.2844490333333348,1.2468406666666665,0.008077733333333358,9.356,46.224,0.284
