DATASET,TOT,BACKWARD,LS,DIRECTION
MONKS_1,29466.017,3048.5079999998816,12681.549000000008,84.49300000000005
MONKS_2,15905.162,1621.4829999999406,6820.4905000000035,45.75450000000003
MONKS_3,33715.708333333336,3453.6133333332873,14482.729666666693,95.72733333333377
