DATASET,MEAN_MSE_TR,STD_MSE_TR,MEAN_MSE_TS,STD_MSE_TS,MEAN_ACCURACY_TR,STD_ACCURACY_TR,MEAN_ACCURACY_TS,STD_ACCURACY_TS,CONVERGENCE,LS
MONKS_1,1.0350589202719464e-05,0.0,1.5215640846025049e-05,0.0,1.0,0.0,1.0,0.0,535.0,7.9570093457943925
MONKS_2,7.245804576682391e-06,3.1047846260370728e-06,3.136515872290103e-05,1.614951787687598e-05,1.0,0.0,1.0,0.0,571.5,7.98919546237088
MONKS_3,0.030071754581695174,0.04251763613425996,0.0054346950156346,0.007641473742444705,0.8567493112947658,0.2025870667862285,0.9891724671307038,0.015312443830799159,383.6666666666667,5.99279697491392
