DATASET,MEAN_MSE_TR,STD_MSE_TR,MEAN_MSE_TS,STD_MSE_TS,MEAN_ACCURACY_TR,STD_ACCURACY_TR,MEAN_ACCURACY_TS,STD_ACCURACY_TS
MONKS_1,9.846269890854635e-05,1.1422406921447603e-06,0.002104483047395277,0.003504844040983425,1.0,0.0,0.9955916473317867,0.009647620828905693
MONKS_2,9.616755014901704e-05,9.186429788447854e-06,0.0025880142299901016,0.0034677377082813128,1.0,0.0,0.9937354988399072,0.009078421135273247
MONKS_3,0.0037947374757890382,0.008526792762393322,0.010265700363668057,0.011356297459527204,0.9925619834710744,0.01711761584893221,0.9764887857695281,0.025765089876626922
