DATASET,TOT,BACKWARD,LS,DIRECTION
MONKS_1,23598.314,2454.3780000000343,10275.69200000002,77.04899999999992
MONKS_2,17503.531499999997,1846.619000000016,7605.156500000011,55.72849999999994
MONKS_3,39249.35,4046.28566666655,17050.450666666697,122.8599999999981
