DATASET,MEAN_MSE_TR,STD_MSE_TR,MEAN_MSE_TS,STD_MSE_TS,MEAN_ACCURACY_TR,STD_ACCURACY_TR,MEAN_ACCURACY_TS,STD_ACCURACY_TS
MONKS_1,0.18850599581983926,0.04789848718863041,0.19989993396495168,0.04427582042835195,0.49918699186991866,0.003982910150866951,0.5004640371229698,0.001063242620639387
