DATASET,MEAN_MSE_TR,STD_MSE_TR,MEAN_MSE_TS,STD_MSE_TS,MEAN_ACCURACY_TR,STD_ACCURACY_TR,MEAN_ACCURACY_TS,STD_ACCURACY_TS,CONVERGENCE,ACC_EPOCHS,LS
MONKS_1,9.89833298590755e-05,5.090571526484612e-07,0.0018990814415645533,0.003625609208108589,1.0,0.0,0.9962877030162414,0.009689379590636232,194.0,142.4,6.590343764025232
MONKS_2,9.813803104519368e-05,3.091726221658139e-06,0.0017367563298829815,0.003217888724177602,1.0,0.0,0.996171693735499,0.009024150105380237,132.6,90.65,5.634347164652629
MONKS_3,0.004900385244491989,0.011756670947684521,0.010968534190824423,0.013577290644793722,0.9903581267217629,0.02357746937826954,0.9759474091260633,0.03010574326180839,335.8666666666667,86.76666666666667,6.3172429107383605
