DATASET,TOT,BACKWARD,LS,DIRECTION,BACKWARD_P,LS_P,DIRECTION_P
MONKS_1,1.5787462,0.15629160000000059,0.6808700999999998,0.004758299999999998,9.477,43.319,0.304
MONKS_2,1.1408750500000002,0.1098626000000003,0.4972757999999999,0.0033914499999999985,9.228,43.914,0.296
MONKS_3,1.8463284000000002,0.18034070000000024,0.8046439333333334,0.005426599999999996,9.291,43.761,0.297
