DATASET,MEAN_MSE_TR,STD_MSE_TR,MEAN_MSE_TS,STD_MSE_TS,MEAN_ACCURACY_TR,STD_ACCURACY_TR,MEAN_ACCURACY_TS,STD_ACCURACY_TS,CONVERGENCE,ACC_EPOCHS,LS
MONKS_1,0.0029314322457599414,0.008509030792463675,0.00574946916430911,0.012342835555146193,0.994308943089431,0.01707317073170731,0.9883990719257542,0.024751063300407602,260.9,135.8,6.137155792590446
MONKS_2,0.003265644784402115,0.007800913061521117,0.0078395503790025,0.013784330867387125,0.9917973286875726,0.0198951993871948,0.9787703016241298,0.03793538956956799,260.95,111.7,5.129569511499092
MONKS_3,0.004529109598208609,0.007343193744305767,0.015223654468596337,0.015598750998630258,0.9898483568660951,0.01768289474510162,0.9631090487238979,0.03877950398123567,432.6333333333333,94.83333333333333,5.9184767694233615
