DATASET,TOT,BACKWARD,LS,DIRECTION,BACKWARD_P,LS_P,DIRECTION_P
MONKS_1,2.8464171,0.28348090000000187,1.2365343,0.0083923,9.92,43.863,0.296
MONKS_2,2.03102265,0.20164575000000107,0.9080843999999999,0.005791650000000001,9.868,45.831,0.279
MONKS_3,5.203016866666666,0.5198142000000072,2.2667386666666673,0.014779433333333392,9.904,45.015,0.28
