DATASET,MEAN_MSE_TR,STD_MSE_TR,MEAN_MSE_TS,STD_MSE_TS,MEAN_ACCURACY_TR,STD_ACCURACY_TR,MEAN_ACCURACY_TS,STD_ACCURACY_TS
MONKS_1,0.01376213033735984,0.02954605003165536,0.02948478443464033,0.05133089789410228,0.9723577235772357,0.059433063032510794,0.9352668213457077,0.10697766747396902
MONKS_2,0.04960970712839155,0.10218084885420663,0.059218913027087025,0.10877840392841677,0.969214576074332,0.06291852432847501,0.8780742459396753,0.21759516011521926
MONKS_3,0.03978197349264428,0.08500217924152098,0.047971683004919274,0.09041413534849127,0.9659777614600229,0.05426302309486393,0.9004640371229699,0.18086770800896823
