DATASET,TOT,BACKWARD,LS,DIRECTION,BACKWARD_P,LS_P,DIRECTION_P
MONKS_1,5.0102692,0.14733319999999903,1.0,1.0,2.94,19.964,19.964
MONKS_2,5.279870900000001,0.15835199999999888,1.0,1.0,2.996,18.993,18.993
MONKS_3,5.186246433333334,0.15458806666666555,1.0,1.0,2.978,19.333,19.333
