DATASET,TOT,BACKWARD,LS,DIRECTION
MONKS_1,76206.383,2140.9419999999436,1.0,1.0
MONKS_2,74708.463,2216.9264999999878,1.0,1.0
MONKS_3,73745.41666666667,2185.1513333333082,1.0,1.0
