DATASET,MEAN_MSE_TR,STD_MSE_TR,MEAN_MSE_TS,STD_MSE_TS,MEAN_ACCURACY_TR,STD_ACCURACY_TR,MEAN_ACCURACY_TS,STD_ACCURACY_TS,CONVERGENCE,ACC_EPOCHS,LS
MONKS_1,0.01914450536860201,0.013296805460174602,0.02771290092063235,0.019935878064213403,0.9772357723577236,0.027880371056068682,0.9663573085846867,0.04120861285090215,999.0,592.3,1.0
MONKS_2,0.01142767044349716,0.012164282847212753,0.015961225581741147,0.0183534829262899,0.9886178861788618,0.02276422764227641,0.9831786542923433,0.03364569152156434,999.0,430.0,1.0
MONKS_3,0.015378150261096152,0.011439499803868245,0.017757567450914447,0.015260607295220935,0.9753320343120789,0.026583778033784273,0.9753286929621038,0.02973993692176709,999.0,308.7,1.0
