DATASET,MEAN_MSE_TR,STD_MSE_TR,MEAN_MSE_TS,STD_MSE_TS,MEAN_ACCURACY_TR,STD_ACCURACY_TR,MEAN_ACCURACY_TS,STD_ACCURACY_TS,CONVERGENCE,ACC_EPOCHS,LS
MONKS_1,0.010306894766992198,0.0077674406668505214,0.015729504968297704,0.011381147520234327,0.994308943089431,0.01707317073170731,0.9907192575406032,0.024816226370526117,999.0,837.1,1.0
MONKS_2,0.007184880951882769,0.006317982568743443,0.01012793218674084,0.009805588478849206,0.9971544715447156,0.012403370977554756,0.9953596287703016,0.018150911569009706,999.0,607.15,1.0
MONKS_3,0.012007462569180649,0.008693308959679898,0.013587846163120431,0.009579455702019117,0.9832269479719592,0.0232704226751011,0.9825212683681362,0.02356813234925404,999.0,426.93333333333334,1.0
