DATASET,TOT,BACKWARD,LS,DIRECTION,BACKWARD_P,LS_P,DIRECTION_P
MONKS_1,4.9776181,0.14668459999999953,1.0,1.0,2.947,20.111,20.111
MONKS_2,5.1681753,0.15559010000000012,1.0,1.0,3.008,19.39,19.39
MONKS_3,5.0986731333333335,0.15224253333333326,1.0,1.0,2.984,19.65,19.65
