DATASET,MEAN_MSE_TR,STD_MSE_TR,MEAN_MSE_TS,STD_MSE_TS,MEAN_ACCURACY_TR,STD_ACCURACY_TR,MEAN_ACCURACY_TS,STD_ACCURACY_TS
MONKS_1,0.002942417527137787,0.008524935066611906,0.00506852931312423,0.01239934110413559,0.994308943089431,0.01707317073170731,0.9897911832946636,0.024907168260454114
MONKS_2,0.0014789026115401883,0.006203155701239646,0.0034232301509864262,0.009260457359957395,0.9971544715447156,0.012403370977554756,0.9930394431554523,0.018662716985791385
MONKS_3,0.0035343585903343027,0.00657814777705445,0.010758276860201726,0.012904476806992912,0.9934197854375237,0.013274790766180043,0.9737045630317094,0.03142878668060527
