DATASET,MEAN_MSE_TR,STD_MSE_TR,MEAN_MSE_TS,STD_MSE_TS,MEAN_ACCURACY_TR,STD_ACCURACY_TR,MEAN_ACCURACY_TS,STD_ACCURACY_TS
MONKS_1,0.017492979851379476,0.013908612799170498,0.02590738101365751,0.02052317452782604,0.9658536585365853,0.027880371056068682,0.9498839907192576,0.04091955022746843
MONKS_2,0.010094946196703017,0.012494628353952632,0.01472875985235524,0.018529939728887935,0.9817363530778165,0.025815261669867338,0.9733178654292344,0.037865969469782504
MONKS_3,0.015184863781435546,0.01248910309310325,0.017297582797269766,0.015577438638859476,0.9688159709224011,0.02793218121043416,0.9692962103634959,0.031476424738709104
