DATASET,TOT,BACKWARD,LS,DIRECTION,BACKWARD_P,LS_P,DIRECTION_P
MONKS_1,5.036647100000001,0.14414279999999818,1.0,1.0,2.862,19.858,19.858
MONKS_2,5.2651643,0.15471819999999947,1.0,1.0,2.935,19.035,19.035
MONKS_3,5.228837600000001,0.1525270333333325,1.0,1.0,2.914,19.158,19.158
