DATASET,MEAN_MSE_TR,STD_MSE_TR,MEAN_MSE_TS,STD_MSE_TS,MEAN_ACCURACY_TR,STD_ACCURACY_TR,MEAN_ACCURACY_TS,STD_ACCURACY_TS,CONVERGENCE,ACC_EPOCHS,LS
MONKS_1,0.01620517041661415,0.012186883812355578,0.02362379582557809,0.018092027226969492,0.9829268292682928,0.026079699076984444,0.9747099767981439,0.03863579327993853,999.0,640.5,1.0
MONKS_2,0.00996291966241107,0.01064083179353944,0.013907900645702654,0.016064313187432764,0.9914634146341463,0.020321137804796715,0.987354988399072,0.030104128945589465,999.0,450.1,1.0
MONKS_3,0.01397405769765184,0.010478445502869395,0.015811860546919375,0.013524474242016582,0.9769535711886045,0.026820980489408907,0.9791956689868524,0.0273183724820609,999.0,318.96666666666664,1.0
