DATASET,TOT,BACKWARD,LS,DIRECTION,BACKWARD_P,LS_P,DIRECTION_P
MONKS_1,5.2423169,0.15423349999999905,1.0,1.0,2.942,19.082,19.082
MONKS_2,5.373422100000001,0.16244119999999976,1.0,1.0,3.021,18.629,18.629
MONKS_3,5.264348366666667,0.157904766666666,1.0,1.0,2.997,19.028,19.028
