DATASET,MEAN_MSE_TR,STD_MSE_TR,MEAN_MSE_TS,STD_MSE_TS,MEAN_ACCURACY_TR,STD_ACCURACY_TR,MEAN_ACCURACY_TS,STD_ACCURACY_TS
MONKS_1,0.008978798006466589,0.01297347419102365,0.013712157558418578,0.019019136312012654,0.9829268292682926,0.026079699076984444,0.9749419953596288,0.03827673434301864
MONKS_2,0.00482807425624898,0.010069801872594826,0.007974473637758743,0.014771753520148905,0.9914634146341463,0.020321137804796715,0.9865429234338746,0.02970924974943689
MONKS_3,0.007671180869457494,0.009153301747938596,0.014221142143586451,0.014957428433615002,0.9860444802795134,0.018276454621561546,0.9703789636504254,0.0334283023294233
