DATASET,TOT,BACKWARD,LS,DIRECTION
MONKS_1,454438.41099999996,13237.656000005827,1.0,1.0
MONKS_2,464311.50599999994,14145.650500003685,1.0,1.0
MONKS_3,457957.16699999996,13990.38766666902,1.0,1.0
