DATASET,TOT,BACKWARD,LS,DIRECTION
CUP,63341.874500000005,7354.504500000017,49544.4745,104.86450000000085
