DATASET,TOT,BACKWARD,LS,DIRECTION
CUP,64308.09999999999,8415.758000000018,50799.52249999999,105.62600000000089
