DATASET,TOT,BACKWARD,LS,DIRECTION
CUP_,13386.877,1800.9120000000023,10062.404000000006,25.513999999999978
