DATASET,TOT,BACKWARD,LS,DIRECTION
CUP_,63584.075,7452.421000000012,49571.57099999995,105.7980000000009
