DATASET,TOT,BACKWARD,LS,DIRECTION
CUP_,49842.996999999996,7094.006999999999,36628.47199999999,99.57800000000111
