DATASET,TOT,BACKWARD,LS,DIRECTION
MONKS_1,14121.159,1961.02600000005,8330.853999999996,22.463999999999874
