DATASET,TOT,BACKWARD,LS,DIRECTION
MONKS_2,4364.993,656.7390000000008,2432.6440000000007,5.475999999999994
