DATASET,TOT,BACKWARD,LS,DIRECTION
MONKS_3,84644.812,12181.336999999678,50102.83200000012,128.90900000000187
