{
    "hyperparameters": {
        "error_goal": 0.0001, 
        "sigma_2": 0.3937336704504433, 
        "sigma_1": 0.0001, 
        "rho": 0.09125393695900963, 
        "d_m": "modified", 
        "max_epochs": 500, 
        "beta_m": "hs", 
        "activation": "sigmoid -> sigmoid -> identity", 
        "topology": "10 -> 16 -> 32 -> 2"
    }, 
    "statistics": {
        "std": 0.14400672103593198, 
        "values": {
            "train": [
                0.7657132291694578, 
                0.6687251264852216, 
                0.6358556558259343
            ], 
            "validation": [
                1.3731190347280837, 
                1.0826141836304228, 
                1.0545867509083402
            ]
        }, 
        "mean": 1.1701066564222824
    }
}