{
    "hyperparameters": {
        "error_goal": 0.0001, 
        "sigma_2": 0.3451658667128886, 
        "sigma_1": 0.0001, 
        "rho": 0.5137511627003285, 
        "d_m": "standard", 
        "max_epochs": 500, 
        "beta_m": "fr", 
        "activation": "sigmoid -> sigmoid -> identity", 
        "topology": "12 -> 4 -> 8 -> 1"
    }, 
    "statistics": {
        "std": 0.1534443221468284, 
        "values": {
            "train": [
                11.265672570555125, 
                11.324835551487572, 
                11.1599861129923
            ], 
            "validation": [
                16.007190722787385, 
                15.782369793044333, 
                16.155634397538083
            ]
        }, 
        "mean": 15.981731637789935
    }
}