{
    "hyperparameters": {
        "error_goal": 0.0001, 
        "sigma_2": 0.2762430078275764, 
        "sigma_1": 0.0001, 
        "rho": 0.2934820933273682, 
        "d_m": "modified", 
        "max_epochs": 500, 
        "beta_m": "mhs", 
        "activation": "sigmoid -> sigmoid -> identity", 
        "topology": "10 -> 16 -> 32 -> 2"
    }, 
    "statistics": {
        "std": 0.20915931076378214, 
        "values": {
            "train": [
                0.7752335965884989, 
                0.7191347600410632, 
                0.6201737439218952
            ], 
            "validation": [
                1.4769033031623258, 
                1.0657368960707654, 
                1.0066109818743063
            ]
        }, 
        "mean": 1.1830837270357992
    }
}