{
    "hyperparameters": {
        "error_goal": 0.0001, 
        "sigma_2": 0.31488491994498446, 
        "sigma_1": 0.0001, 
        "rho": 0.25661979273554103, 
        "d_m": "modified", 
        "max_epochs": 500, 
        "beta_m": "pr", 
        "activation": "sigmoid -> sigmoid -> identity", 
        "topology": "10 -> 16 -> 32 -> 2"
    }, 
    "statistics": {
        "std": 0.1532259678194379, 
        "values": {
            "train": [
                1.0593175332520839, 
                0.6997421307539833, 
                0.8026666614999833
            ], 
            "validation": [
                1.0180064547207983, 
                1.3604314274225011, 
                1.0561372330250742
            ]
        }, 
        "mean": 1.1448583717227914
    }
}