{
    "f1_score": 0.9753333333333334, 
    "hyperparameters": {
        "error_goal": 0.0001, 
        "sigma_2": 0.12048161476657704, 
        "sigma_1": 0.0001, 
        "rho": 0.3477201791503868, 
        "d_m": "modified", 
        "max_epochs": 500, 
        "beta_m": "pr", 
        "activation": "sigmoid -> sigmoid -> sigmoid", 
        "topology": "17 -> 4 -> 8 -> 1"
    }, 
    "accuracy_score": 0.975, 
    "statistics": {
        "std": 0.014153946353325229, 
        "values": {
            "train": [
                9.998564363680005e-05, 
                9.815701855783486e-05, 
                9.714609360262292e-05, 
                9.252584656087166e-05, 
                9.946816058357029e-05
            ], 
            "validation": [
                0.03737114623357532, 
                0.011473644566151001, 
                0.001787038784226086, 
                0.0006246010964725233, 
                0.00023209253934000773
            ]
        }, 
        "mean": 0.010297704643952988
    }
}