{
    "hyperparameters": {
        "error_goal": 0.0001, 
        "sigma_2": 0.6349505025228943, 
        "sigma_1": 0.0001, 
        "rho": 0.2906178608201654, 
        "d_m": "modified", 
        "max_epochs": 500, 
        "beta_m": "mhs", 
        "activation": "sigmoid -> sigmoid -> sigmoid", 
        "topology": "17 -> 4 -> 8 -> 1"
    }, 
    "statistics": {
        "std": 1.839079984188354e-05, 
        "f1_score": 1.0, 
        "accuracy_score": 1.0, 
        "values": {
            "train": [
                9.913333533080673e-05, 
                9.697904603426652e-05, 
                8.763422676078351e-05, 
                9.298193372608928e-05, 
                9.759779935278956e-05
            ], 
            "validation": [
                0.00012066165471177176, 
                9.815419167771426e-05, 
                0.0001117814302848786, 
                7.033560612996421e-05, 
                8.283222163933291e-05
            ]
        }, 
        "mean": 9.675302088873235e-05
    }
}