{
    "f1_score": 0.9913043478260869, 
    "hyperparameters": {
        "error_goal": 0.0001, 
        "sigma_2": 0.11513189165790479, 
        "sigma_1": 0.0001, 
        "rho": 0.35346020019939106, 
        "d_m": "modified", 
        "max_epochs": 500, 
        "beta_m": "mhs", 
        "activation": "sigmoid -> sigmoid -> sigmoid", 
        "topology": "17 -> 4 -> 8 -> 1"
    }, 
    "accuracy_score": 0.9916666666666668, 
    "statistics": {
        "std": 0.008181310464904697, 
        "values": {
            "train": [
                9.98644295948092e-05, 
                9.828099436184815e-05, 
                9.915411924359517e-05, 
                9.648968802044913e-05, 
                9.76232180349149e-05
            ], 
            "validation": [
                0.02059142123170922, 
                0.0003158908442492372, 
                8.721121225948609e-05, 
                9.570060747581456e-05, 
                5.894268280783995e-05
            ]
        }, 
        "mean": 0.004229833315700319
    }
}