{
    "f1_score": 1.0, 
    "hyperparameters": {
        "error_goal": 0.0001, 
        "sigma_2": 0.10558863160898756, 
        "sigma_1": 0.0001, 
        "rho": 0.9042452374336074, 
        "d_m": "modified", 
        "max_epochs": 500, 
        "beta_m": "pr", 
        "activation": "sigmoid -> sigmoid -> sigmoid", 
        "topology": "17 -> 4 -> 8 -> 1"
    }, 
    "accuracy_score": 1.0, 
    "statistics": {
        "std": 5.5088211961287225e-05, 
        "values": {
            "train": [
                6.310668505007328e-05, 
                8.369034769491711e-05, 
                7.004357172674239e-05, 
                8.618595266010022e-05, 
                9.545301077662635e-05
            ], 
            "validation": [
                0.00010589054980810711, 
                2.1110373795434034e-05, 
                7.344994831630643e-05, 
                0.0001791556610403612, 
                0.00014550713246015947
            ]
        }, 
        "mean": 0.00010502273308407364
    }
}