{
    "f1_score": 0.9833333333333334, 
    "hyperparameters": {
        "error_goal": 0.0001, 
        "sigma_2": 0.11310723810976338, 
        "sigma_1": 0.0001, 
        "rho": 0.0, 
        "d_m": "modified", 
        "max_epochs": 500, 
        "beta_m": "pr", 
        "activation": "sigmoid -> sigmoid -> sigmoid", 
        "topology": "17 -> 4 -> 8 -> 1"
    }, 
    "accuracy_score": 0.9833333333333332, 
    "statistics": {
        "std": 0.012753962129688242, 
        "values": {
            "train": [
                9.992999307546863e-05, 
                9.313209057875068e-05, 
                9.964201815604781e-05, 
                9.831553166100261e-05, 
                8.796491294926707e-05
            ], 
            "validation": [
                0.032189455612643865, 
                0.00035917912854224374, 
                0.00019773514764528065, 
                6.26262195755747e-05, 
                0.0006117761398871183
            ]
        }, 
        "mean": 0.006684154449658817
    }
}