{
    "f1_score": 1.0, 
    "hyperparameters": {
        "error_goal": 0.0001, 
        "sigma_2": 0.3758438939158013, 
        "sigma_1": 0.0001, 
        "rho": 0.0, 
        "d_m": "modified", 
        "max_epochs": 500, 
        "beta_m": "hs", 
        "activation": "sigmoid -> sigmoid -> sigmoid", 
        "topology": "17 -> 4 -> 8 -> 1"
    }, 
    "accuracy_score": 1.0, 
    "statistics": {
        "std": 2.0689131651130164e-05, 
        "values": {
            "train": [
                9.751931332527602e-05, 
                9.98157785012655e-05, 
                9.893884851911781e-05, 
                9.007230643875787e-05, 
                9.815539727032846e-05
            ], 
            "validation": [
                0.00012308173137649776, 
                7.958699982752339e-05, 
                8.775595098090736e-05, 
                7.889636488984518e-05, 
                0.00012455531665447309
            ]
        }, 
        "mean": 9.877527274584936e-05
    }
}