{
    "f1_score": 0.9092212055064348, 
    "hyperparameters": {
        "momentum_type": "nesterov", 
        "activation": "sigmoid -> sigmoid -> sigmoid", 
        "reg_lambda": 0.0022826537150271117, 
        "eta": 0.7835053811999231, 
        "reg_method": "l2", 
        "alpha": 0.852911156758124, 
        "topology": "17 -> 4 -> 8 -> 1"
    }, 
    "accuracy_score": 0.917, 
    "statistics": {
        "std": 0.028868161047056307, 
        "values": {
            "train": [
                0.010467761617583369, 
                0.007806511525117898, 
                0.00308789947147227, 
                0.00801399832841424, 
                0.0035119842244289746
            ], 
            "validation": [
                0.018143955877559324, 
                0.01535412703507967, 
                0.04905226169034315, 
                0.09274950082418898, 
                0.025256980485104847
            ]
        }, 
        "mean": 0.04011136518245519
    }
}