{
    "f1_score": 0.9739130434782609, 
    "hyperparameters": {
        "error_goal": 0.0001, 
        "sigma_2": 0.2435267871030177, 
        "sigma_1": 0.0001, 
        "rho": 0.2700229604737815, 
        "d_m": "modified", 
        "max_epochs": 500, 
        "beta_m": "mhs", 
        "activation": "sigmoid -> sigmoid -> sigmoid", 
        "topology": "17 -> 4 -> 8 -> 1"
    }, 
    "accuracy_score": 0.975, 
    "statistics": {
        "std": 0.02346262608095971, 
        "values": {
            "train": [
                9.938787192462862e-05, 
                9.439999631183203e-05, 
                9.302889824282348e-05, 
                9.529210325087002e-05, 
                8.798011111382807e-05
            ], 
            "validation": [
                0.05908886362138141, 
                0.0012939658130996367, 
                5.3727527776070205e-05, 
                0.0003331529450317783, 
                9.145505345823945e-05
            ]
        }, 
        "mean": 0.012172232992149427
    }
}