{
    "hyperparameters": {
        "momentum_type": "nesterov", 
        "activation": "sigmoid -> sigmoid -> sigmoid", 
        "reg_lambda": 0.0, 
        "eta": 2.6872424434092497, 
        "reg_method": "l2", 
        "alpha": 0.5423705719541262, 
        "topology": "17 -> 4 -> 8 -> 1"
    }, 
    "statistics": {
        "std": 0.03202264037033432, 
        "f1_score": 0.8825953773322194, 
        "accuracy_score": 0.892, 
        "values": {
            "train": [
                0.010358184492544765, 
                0.010577788817911889, 
                0.0005060566873886439, 
                0.00046539133077389986, 
                0.004299517363283248
            ], 
            "validation": [
                0.08537283019611448, 
                0.06827533378040763, 
                0.03278300118062479, 
                0.0001512138498221732, 
                0.014910280237466609
            ]
        }, 
        "mean": 0.04029853184888714
    }
}