{
    "hyperparameters": {
        "error_goal": 0.0001, 
        "sigma_2": 0.8481857045565061, 
        "sigma_1": 0.0001, 
        "rho": 0.37099623426463935, 
        "d_m": "modified", 
        "max_epochs": 500, 
        "beta_m": "mhs", 
        "activation": "sigmoid -> sigmoid -> sigmoid", 
        "topology": "17 -> 4 -> 8 -> 1"
    }, 
    "statistics": {
        "std": 2.8839816130701404e-05, 
        "f1_score": 1.0, 
        "accuracy_score": 1.0, 
        "values": {
            "train": [
                9.826687515813715e-05, 
                9.896039636875585e-05, 
                9.92002318328423e-05, 
                9.775771357496143e-05, 
                9.422716424808005e-05
            ], 
            "validation": [
                0.00014895963032623735, 
                7.010231237859722e-05, 
                7.07773246095828e-05, 
                0.00010357965477250446, 
                9.45130500894496e-05
            ]
        }, 
        "mean": 9.758639443527429e-05
    }
}