{
    "hyperparameters": {
        "momentum_type": "nesterov", 
        "activation": "sigmoid -> sigmoid -> sigmoid", 
        "reg_lambda": 0.0, 
        "eta": 3.3285128776055126, 
        "reg_method": "l2", 
        "alpha": 0.6927734559465353, 
        "topology": "17 -> 4 -> 8 -> 1"
    }, 
    "statistics": {
        "std": 0.004577983850914064, 
        "f1_score": 0.9913043478260869, 
        "accuracy_score": 0.9925925925925926, 
        "values": {
            "train": [
                0.0001420773567040155, 
                8.823179721897428e-05, 
                9.091335046055377e-05, 
                9.072962543926709e-05, 
                9.722662571720209e-05
            ], 
            "validation": [
                0.0024125105977082593, 
                7.668914597359429e-05, 
                0.00019436836618614073, 
                0.00016371557090827198, 
                0.011943793494432585
            ]
        }, 
        "mean": 0.00295821543504177
    }
}