{
    "f1_score": 1.0, 
    "hyperparameters": {
        "error_goal": 0.0001, 
        "sigma_2": 0.35268860794230117, 
        "sigma_1": 0.0001, 
        "rho": 0.38322262371574556, 
        "d_m": "modified", 
        "max_epochs": 500, 
        "beta_m": "hs", 
        "activation": "sigmoid -> sigmoid -> sigmoid", 
        "topology": "17 -> 4 -> 8 -> 1"
    }, 
    "accuracy_score": 1.0, 
    "statistics": {
        "std": 2.7791611740554184e-05, 
        "values": {
            "train": [
                3.9343475468828195e-05, 
                5.5530449020883e-05, 
                5.105931694802883e-05, 
                6.850135629106649e-05, 
                8.548852600363978e-05
            ], 
            "validation": [
                0.00011172612910155934, 
                2.4456291482195657e-05, 
                7.23548256479001e-05, 
                7.406367685931258e-05, 
                7.637317878012706e-05
            ]
        }, 
        "mean": 7.179482037421894e-05
    }
}