{
    "f1_score": 0.9562289562289562, 
    "hyperparameters": {
        "momentum_type": "nesterov", 
        "activation": "sigmoid -> sigmoid -> sigmoid", 
        "reg_lambda": 0.0047994010527522765, 
        "eta": 0.752285358971627, 
        "reg_method": "l2", 
        "alpha": 0.7551253873840258, 
        "topology": "17 -> 4 -> 8 -> 1"
    }, 
    "accuracy_score": 0.962037037037037, 
    "statistics": {
        "std": 0.01668305987353023, 
        "values": {
            "train": [
                0.010316575642539039, 
                0.009871237182807401, 
                0.012350617094570509, 
                0.011129487947901076, 
                0.012456957448180461
            ], 
            "validation": [
                0.014515930805770202, 
                0.014212712350652726, 
                0.023108515753183217, 
                0.013267618873727025, 
                0.05702747979150324
            ]
        }, 
        "mean": 0.024426451514967286
    }
}