{
    "hyperparameters": {
        "error_goal": 0.0001, 
        "sigma_2": 0.2107328157246066, 
        "sigma_1": 0.0001, 
        "rho": 0.1327852433262846, 
        "d_m": "modified", 
        "max_epochs": 500, 
        "beta_m": "mhs", 
        "activation": "sigmoid -> sigmoid -> sigmoid", 
        "topology": "17 -> 4 -> 8 -> 1"
    }, 
    "statistics": {
        "std": 0.008414554962502787, 
        "f1_score": 0.9894736842105264, 
        "accuracy_score": 0.9916666666666668, 
        "values": {
            "train": [
                0.00011466435311977002, 
                0.00517104310028845, 
                0.005155719580998954, 
                0.005162696101228634, 
                0.0052130671144709215
            ], 
            "validation": [
                0.021112135102996334, 
                1.441095093223886e-05, 
                0.00028822226785119644, 
                1.9037356572265239e-06, 
                5.499417610093292e-06
            ]
        }, 
        "mean": 0.004284434295009418
    }
}