{
    "f1_score": 1.0, 
    "hyperparameters": {
        "error_goal": 0.0001, 
        "sigma_2": 0.3238595350040928, 
        "sigma_1": 0.0001, 
        "rho": 0.0, 
        "d_m": "modified", 
        "max_epochs": 500, 
        "beta_m": "hs", 
        "activation": "sigmoid -> sigmoid -> sigmoid", 
        "topology": "17 -> 4 -> 8 -> 1"
    }, 
    "accuracy_score": 1.0, 
    "statistics": {
        "std": 2.238078293115138e-05, 
        "values": {
            "train": [
                9.938929571847306e-05, 
                9.741030953005097e-05, 
                9.531081810876522e-05, 
                9.109853317884716e-05, 
                9.361777926195449e-05
            ], 
            "validation": [
                0.00012540852217608552, 
                0.0001150627803997585, 
                8.0838681205391e-05, 
                9.385066733437316e-05, 
                6.371979068346033e-05
            ]
        }, 
        "mean": 9.57760883598137e-05
    }
}