{
    "f1_score": 0.9857142857142858, 
    "hyperparameters": {
        "error_goal": 0.0001, 
        "sigma_2": 0.14252451418862172, 
        "sigma_1": 0.0001, 
        "rho": 0.2920831220537523, 
        "d_m": "modified", 
        "max_epochs": 500, 
        "beta_m": "hs", 
        "activation": "sigmoid -> sigmoid -> sigmoid", 
        "topology": "17 -> 4 -> 8 -> 1"
    }, 
    "accuracy_score": 0.9833333333333332, 
    "statistics": {
        "std": 0.013655680995158005, 
        "values": {
            "train": [
                9.861498674275325e-05, 
                0.0051655512882133, 
                0.005159174026280679, 
                0.005158313998311692, 
                0.00521097483560493
            ], 
            "validation": [
                0.03437249781794171, 
                0.0009143360321478313, 
                5.485646376771937e-05, 
                5.248623820699668e-06, 
                2.710533225810756e-06
            ]
        }, 
        "mean": 0.0070699298941807555
    }
}