{
    "f1_score": 1.0, 
    "hyperparameters": {
        "error_goal": 0.0001, 
        "sigma_2": 0.20834651719543662, 
        "sigma_1": 0.0001, 
        "rho": 0.21672871975863883, 
        "d_m": "modified", 
        "max_epochs": 500, 
        "beta_m": "pr", 
        "activation": "sigmoid -> sigmoid -> sigmoid", 
        "topology": "17 -> 4 -> 8 -> 1"
    }, 
    "accuracy_score": 1.0, 
    "statistics": {
        "std": 2.924798749433837e-05, 
        "values": {
            "train": [
                2.3864925761349098e-05, 
                1.9290509751581966e-05, 
                1.3227226735054887e-05, 
                4.476310337547571e-05, 
                8.127171036759235e-05
            ], 
            "validation": [
                3.9375404018975646e-05, 
                1.5003516162582367e-05, 
                2.081252700792201e-05, 
                8.202470201854136e-05, 
                8.288890128467367e-05
            ]
        }, 
        "mean": 4.802101009853901e-05
    }
}