{
    "f1_score": 1.0, 
    "hyperparameters": {
        "momentum_type": "nesterov", 
        "activation": "sigmoid -> sigmoid -> sigmoid", 
        "reg_lambda": 0.0, 
        "eta": 0.6410659914342289, 
        "reg_method": "l2", 
        "alpha": 0.7729734076728478, 
        "topology": "17 -> 4 -> 8 -> 1"
    }, 
    "accuracy_score": 1.0, 
    "statistics": {
        "std": 0.0001777371613371545, 
        "values": {
            "train": [
                0.0006277099682618244, 
                0.0006481981836812651, 
                0.0006050833307602244, 
                0.000983533370444108, 
                0.0006090810104738344
            ], 
            "validation": [
                0.000926498521446043, 
                0.000779479264785407, 
                0.0006638201028651473, 
                0.0010595867998675628, 
                0.001150504787441116
            ]
        }, 
        "mean": 0.0009159778952810553
    }
}