{
    "f1_score": 0.9204873294346978, 
    "hyperparameters": {
        "momentum_type": "nesterov", 
        "activation": "sigmoid -> sigmoid -> sigmoid", 
        "reg_lambda": 0.007206770104985182, 
        "eta": 0.6580653157259067, 
        "reg_method": "l2", 
        "alpha": 0.8590712922835828, 
        "topology": "17 -> 4 -> 8 -> 1"
    }, 
    "accuracy_score": 0.9253333333333333, 
    "statistics": {
        "std": 0.012135288413247883, 
        "values": {
            "train": [
                0.02602844315469627, 
                0.013686509944333512, 
                0.020031045597414934, 
                0.023882626116749225, 
                0.027508349219955045
            ], 
            "validation": [
                0.03437245617108136, 
                0.05155690405320732, 
                0.04537727734069582, 
                0.022452385505405764, 
                0.020975563625838353
            ]
        }, 
        "mean": 0.03494691733924572
    }
}