{
    "f1_score": 1.0, 
    "hyperparameters": {
        "error_goal": 0.0001, 
        "sigma_2": 0.35520890912498504, 
        "sigma_1": 0.0001, 
        "rho": 0.0, 
        "d_m": "modified", 
        "max_epochs": 500, 
        "beta_m": "hs", 
        "activation": "sigmoid -> sigmoid -> sigmoid", 
        "topology": "17 -> 4 -> 8 -> 1"
    }, 
    "accuracy_score": 1.0, 
    "statistics": {
        "std": 0.0022780518194259313, 
        "values": {
            "train": [
                9.964995079600056e-05, 
                9.69740343426098e-05, 
                9.914690867262785e-05, 
                9.892882154055352e-05, 
                9.651566956657258e-05
            ], 
            "validation": [
                0.006075453507483521, 
                0.0005385320647155943, 
                0.0004784943478350633, 
                0.00038779453723364435, 
                0.00015406548253684734
            ]
        }, 
        "mean": 0.001526867987960934
    }
}