{
    "f1_score": 1.0, 
    "hyperparameters": {
        "error_goal": 0.0001, 
        "sigma_2": 0.21825562869630005, 
        "sigma_1": 0.0001, 
        "rho": 0.028913960472621403, 
        "d_m": "modified", 
        "max_epochs": 500, 
        "beta_m": "mhs", 
        "activation": "sigmoid -> sigmoid -> sigmoid", 
        "topology": "17 -> 4 -> 8 -> 1"
    }, 
    "accuracy_score": 1.0, 
    "statistics": {
        "std": 2.6791485442853475e-05, 
        "values": {
            "train": [
                9.934859340956259e-05, 
                9.917614325994991e-05, 
                9.583528014219725e-05, 
                9.164793963563334e-05, 
                9.124369909083079e-05
            ], 
            "validation": [
                0.00015053803721273132, 
                9.060841503631566e-05, 
                7.27183445846561e-05, 
                9.184774231880478e-05, 
                8.801016008450204e-05
            ]
        }, 
        "mean": 9.874453984740199e-05
    }
}