{
    "f1_score": 1.0, 
    "hyperparameters": {
        "error_goal": 0.0001, 
        "sigma_2": 0.2695770060062317, 
        "sigma_1": 0.0001, 
        "rho": 0.666081353977535, 
        "d_m": "modified", 
        "max_epochs": 500, 
        "beta_m": "mhs", 
        "activation": "sigmoid -> sigmoid -> sigmoid", 
        "topology": "17 -> 4 -> 8 -> 1"
    }, 
    "accuracy_score": 1.0, 
    "statistics": {
        "std": 4.567247050410545e-05, 
        "values": {
            "train": [
                9.949817512719482e-05, 
                9.94489584667451e-05, 
                8.24362412325384e-05, 
                7.972501543918963e-05, 
                8.2729570119445e-05
            ], 
            "validation": [
                0.00017645505240297113, 
                7.156098975764177e-05, 
                9.329546658038317e-05, 
                4.629155549013032e-05, 
                6.364806518428525e-05
            ]
        }, 
        "mean": 9.025022588308232e-05
    }
}