{
    "f1_score": 1.0, 
    "hyperparameters": {
        "error_goal": 0.0001, 
        "sigma_2": 0.3605206341921856, 
        "sigma_1": 0.0001, 
        "rho": 0.0, 
        "d_m": "modified", 
        "max_epochs": 500, 
        "beta_m": "pr", 
        "activation": "sigmoid -> sigmoid -> sigmoid", 
        "topology": "17 -> 4 -> 8 -> 1"
    }, 
    "accuracy_score": 1.0, 
    "statistics": {
        "std": 2.986094577725509e-05, 
        "values": {
            "train": [
                9.828396455440341e-05, 
                9.682425982026146e-05, 
                9.734705804167488e-05, 
                7.895428303209837e-05, 
                9.362634790919135e-05
            ], 
            "validation": [
                0.00015164255132518075, 
                8.082693350174639e-05, 
                6.491479578680187e-05, 
                0.00010522193185495098, 
                8.619131512989657e-05
            ]
        }, 
        "mean": 9.775950551971532e-05
    }
}