{
    "f1_score": 0.993103448275862, 
    "hyperparameters": {
        "momentum_type": "nesterov", 
        "activation": "sigmoid -> sigmoid -> sigmoid", 
        "reg_lambda": 0.0, 
        "eta": 0.6116827590648581, 
        "reg_method": "l2", 
        "alpha": 0.8285101762749918, 
        "topology": "17 -> 4 -> 8 -> 1"
    }, 
    "accuracy_score": 0.9916666666666668, 
    "statistics": {
        "std": 0.003628210845795458, 
        "values": {
            "train": [
                0.00032588930472400037, 
                0.0021410586765881357, 
                0.0003434514965148034, 
                0.0004934913685114576, 
                0.00036041127444792824
            ], 
            "validation": [
                0.0016396342846193047, 
                0.003221984737948342, 
                0.010356102369579257, 
                0.009981520108535012, 
                0.003896472447673494
            ]
        }, 
        "mean": 0.005819142789671082
    }
}