{
    "f1_score": 1.0, 
    "hyperparameters": {
        "error_goal": 0.0001, 
        "sigma_2": 0.2506185541217323, 
        "sigma_1": 0.0001, 
        "rho": 0.870989790264726, 
        "d_m": "modified", 
        "max_epochs": 500, 
        "beta_m": "mhs", 
        "activation": "sigmoid -> sigmoid -> sigmoid", 
        "topology": "17 -> 4 -> 8 -> 1"
    }, 
    "accuracy_score": 1.0, 
    "statistics": {
        "std": 3.8291796166907673e-05, 
        "values": {
            "train": [
                9.87800789976703e-05, 
                9.875898105080891e-05, 
                8.461631177849285e-05, 
                7.414916189908856e-05, 
                9.055235948915315e-05
            ], 
            "validation": [
                0.00014598997953674695, 
                4.5130897176015605e-05, 
                8.028083067504418e-05, 
                0.00012135091364119813, 
                5.674488711802599e-05
            ]
        }, 
        "mean": 8.989950162940617e-05
    }
}