{
    "f1_score": 1.0, 
    "hyperparameters": {
        "error_goal": 0.0001, 
        "sigma_2": 0.2810327929825943, 
        "sigma_1": 0.0001, 
        "rho": 0.03223869074291341, 
        "d_m": "modified", 
        "max_epochs": 500, 
        "beta_m": "hs", 
        "activation": "sigmoid -> sigmoid -> sigmoid", 
        "topology": "17 -> 4 -> 8 -> 1"
    }, 
    "accuracy_score": 1.0, 
    "statistics": {
        "std": 3.502323728004492e-05, 
        "values": {
            "train": [
                9.942967849137106e-05, 
                9.610835309844261e-05, 
                9.362098802435424e-05, 
                9.87471911420033e-05, 
                9.450372941382276e-05
            ], 
            "validation": [
                6.957920552595711e-05, 
                0.00014447166342741448, 
                0.00011864857750727242, 
                4.676392072400074e-05, 
                0.00010872093587565975
            ]
        }, 
        "mean": 9.76368606120609e-05
    }
}