{
    "hyperparameters": {
        "momentum_type": "nesterov", 
        "activation": "sigmoid -> sigmoid -> sigmoid", 
        "reg_lambda": 0.0, 
        "eta": 5.459631287926498, 
        "reg_method": "l2", 
        "alpha": 0.8183012237382443, 
        "topology": "17 -> 4 -> 8 -> 1"
    }, 
    "statistics": {
        "std": 5.079353681352962e-06, 
        "f1_score": 1.0, 
        "accuracy_score": 1.0, 
        "values": {
            "train": [
                1.1654391631233645e-05, 
                1.580056840155334e-05, 
                1.1015681324964292e-05, 
                1.9249393341017382e-05, 
                1.673804133183107e-05
            ], 
            "validation": [
                1.5052950212768843e-05, 
                1.8378240082376843e-05, 
                1.1953911326879858e-05, 
                2.0644165629396805e-05, 
                2.6847566650435256e-05
            ]
        }, 
        "mean": 1.857536678037152e-05
    }
}