{
    "f1_score": 1.0, 
    "hyperparameters": {
        "error_goal": 0.0001, 
        "sigma_2": 0.1187799263886126, 
        "sigma_1": 0.0001, 
        "rho": 0.7272814811849426, 
        "d_m": "modified", 
        "max_epochs": 500, 
        "beta_m": "mhs", 
        "activation": "sigmoid -> sigmoid -> sigmoid", 
        "topology": "17 -> 4 -> 8 -> 1"
    }, 
    "accuracy_score": 1.0, 
    "statistics": {
        "std": 1.256159884828912e-05, 
        "values": {
            "train": [
                9.725153629466531e-05, 
                9.218554509462052e-05, 
                9.299652812887497e-05, 
                9.908754440580647e-05, 
                9.117749419733541e-05
            ], 
            "validation": [
                0.00010738409343746885, 
                9.287845744717853e-05, 
                0.00011212170322481937, 
                7.631848936326211e-05, 
                9.403622133302822e-05
            ]
        }, 
        "mean": 9.654779296115141e-05
    }
}