{
    "f1_score": 1.0, 
    "hyperparameters": {
        "error_goal": 0.0001, 
        "sigma_2": 0.18903932729897766, 
        "sigma_1": 0.0001, 
        "rho": 0.0, 
        "d_m": "modified", 
        "max_epochs": 500, 
        "beta_m": "pr", 
        "activation": "sigmoid -> sigmoid -> sigmoid", 
        "topology": "17 -> 4 -> 8 -> 1"
    }, 
    "accuracy_score": 1.0, 
    "statistics": {
        "std": 2.8381413749706803e-05, 
        "values": {
            "train": [
                9.945571703856243e-05, 
                9.930439385302219e-05, 
                9.989496371345858e-05, 
                9.908432658296427e-05, 
                9.942382919626308e-05
            ], 
            "validation": [
                0.00015035419570095227, 
                0.0001230091678312719, 
                9.519773439653212e-05, 
                0.00012047405758267547, 
                6.633336595149509e-05
            ]
        }, 
        "mean": 0.00011107370429258535
    }
}