{
    "f1_score": 1.0, 
    "hyperparameters": {
        "momentum_type": "nesterov", 
        "activation": "sigmoid -> sigmoid -> sigmoid", 
        "reg_lambda": 0.0012370856666281261, 
        "eta": 0.6239583018769258, 
        "reg_method": "l2", 
        "alpha": 0.8594397391777833, 
        "topology": "17 -> 4 -> 8 -> 1"
    }, 
    "accuracy_score": 1.0, 
    "statistics": {
        "std": 0.0001850544688236974, 
        "values": {
            "train": [
                0.001450977595433047, 
                0.0014632671483787972, 
                0.0014805537259406467, 
                0.0014331692422339653, 
                0.0014616677138446772
            ], 
            "validation": [
                0.001646837238468442, 
                0.0016388065186098834, 
                0.0018226864016905179, 
                0.0020953623527009933, 
                0.002007179729704147
            ]
        }, 
        "mean": 0.0018421744482347967
    }
}