DATASET,TOT,BACKWARD,LS,DIRECTION
CUP,68189.54449999999,8580.379000000003,54285.8445000001,111.22900000000107
