DATASET,MEAN_MSE_TR,STD_MSE_TR,MEAN_MSE_TS,STD_MSE_TS,CONVERGENCE,LS
CUP,0.3467781666476235,0.005837848115619715,2.034996902404231,0.1820178439789305,2001.0,1.0
