DATASET,TOT,BACKWARD,LS,DIRECTION
CUP,62598.036,7160.960500000002,49289.54499999997,102.45900000000051
