DATASET,TOT,BACKWARD,LS,DIRECTION
CUP_,12769.242999999999,1694.9599999999982,9573.037999999991,24.88799999999991
