DATASET,TOT,BACKWARD,LS,DIRECTION
CUP_,61784.497,7229.634000000002,48707.080000000045,104.13000000000045
