DATASET,TOT,BACKWARD,LS,DIRECTION
MONKS_1,5799.249,812.1459999999978,3441.8520000000026,7.936999999999981
