DATASET,TOT,BACKWARD,LS,DIRECTION
MONKS_2,8729.49,1291.8969999999988,5011.611000000006,10.812999999999988
