DATASET,TOT,BACKWARD,LS,DIRECTION
MONKS_3,31860.655000000002,4568.077000000183,18768.186,44.480000000000246
