DATASET,TOT,BACKWARD,LS,DIRECTION
CUP,8948.411499999998,3480.2079999999937,1.0,1.0
