DATASET,TOT,BACKWARD,LS,DIRECTION
MONKS_1,9992.857,1322.8500000000176,5980.3079999999945,14.729999999999963
