DATASET,TOT,BACKWARD,LS,DIRECTION
MONKS_2,9657.372000000001,1386.4830000000043,5573.812,14.592999999999964
