DATASET,TOT,BACKWARD,LS,DIRECTION
MONKS_3,78435.537,10988.200000000234,46321.26899999985,119.7830000000022
