DATASET,MEAN_MSE_TR,STD_MSE_TR,MEAN_MSE_TS,STD_MSE_TS
CUP,0.9726990315005825,0.08856623747141246,1.5074855844096304,0.06492470908843624
