DATASET,MEAN_MSE_TR,STD_MSE_TR,MEAN_MSE_TS,STD_MSE_TS
CUP,0.9795088829751025,0.05716716488552551,1.4090934230570715,0.05051866321989317
