DATASET,TOT,BACKWARD,LS,DIRECTION,BACKWARD_P,LS_P,DIRECTION_P
CUP,37.0472825,8.517427999999988,33.16343,0.029148499999999987,23.026,89.532,0.079
