DATASET,MEAN_MSE_TR,STD_MSE_TR,MEAN_MSE_TS,STD_MSE_TS
CUP,1.1543709442212735,0.2537095537393249,1.4198275180490718,0.29770772381763033
