DATASET,MEAN_MSE_TR,STD_MSE_TR,MEAN_MSE_TS,STD_MSE_TS
CUP,0.9244782815411815,0.12305667495572421,2.055274346525553,0.039734351785512066
