DATASET,MEAN_MSE_TR,STD_MSE_TR,MEAN_MSE_TS,STD_MSE_TS
CUP,0.9648343377579952,0.06669737227323468,1.3538269929780036,0.05327509097467626
