DATASET,TOT,BACKWARD,LS,DIRECTION,BACKWARD_P,LS_P,DIRECTION_P
CUP,2.6614533000000002,1.0753357000000001,1.0,1.0,40.387,37.705,37.705
