DATASET,MEAN_MSE_TR,STD_MSE_TR,MEAN_MSE_TS,STD_MSE_TS
CUP,0.8368452797420092,0.028046870319193715,1.6648128207932078,0.05804478497766839
