DATASET,MEAN_MSE_TR,STD_MSE_TR,MEAN_MSE_TS,STD_MSE_TS
CUP,1.0043293258998651,0.0532412785750145,1.355334733380553,0.055037237031858546
