{
    "f1_score": 1.0, 
    "hyperparameters": {
        "momentum_type": "nesterov", 
        "activation": "sigmoid -> sigmoid -> sigmoid", 
        "reg_lambda": 0.005654996411564656, 
        "eta": 0.7266019310093088, 
        "reg_method": "l2", 
        "alpha": 0.8043219120586702, 
        "topology": "17 -> 4 -> 8 -> 1"
    }, 
    "accuracy_score": 1.0, 
    "statistics": {
        "std": 0.0016967995882276857, 
        "values": {
            "train": [
                0.010003507317244717, 
                0.010005942620119723, 
                0.010002525389666572, 
                0.010006717384628437, 
                0.010002807313916283
            ], 
            "validation": [
                0.01480503343536931, 
                0.01081859994731338, 
                0.009874434820089237, 
                0.011360463701448716, 
                0.010900362676010926
            ]
        }, 
        "mean": 0.011551778916046316
    }
}