{
    "f1_score": 1.0, 
    "hyperparameters": {
        "momentum_type": "nesterov", 
        "activation": "sigmoid -> sigmoid -> sigmoid", 
        "reg_lambda": 0.0029910214148687274, 
        "eta": 0.6421189226315652, 
        "reg_method": "l2", 
        "alpha": 0.8528204192523603, 
        "topology": "17 -> 4 -> 8 -> 1"
    }, 
    "accuracy_score": 1.0, 
    "statistics": {
        "std": 0.00017545450335618672, 
        "values": {
            "train": [
                0.0037342340351559852, 
                0.0039663060983561385, 
                0.003983928477508782, 
                0.0036516410860211214, 
                0.0037466268530773035
            ], 
            "validation": [
                0.004884144030900937, 
                0.004825782781859502, 
                0.004577429722248948, 
                0.004840042751863331, 
                0.005128896665340977
            ]
        }, 
        "mean": 0.00485125919044274
    }
}