{
    "f1_score": 1.0, 
    "hyperparameters": {
        "momentum_type": "nesterov", 
        "activation": "sigmoid -> sigmoid -> sigmoid", 
        "reg_lambda": 0.002787832778200045, 
        "eta": 0.62771833736977, 
        "reg_method": "l2", 
        "alpha": 0.7309671887612206, 
        "topology": "17 -> 4 -> 8 -> 1"
    }, 
    "accuracy_score": 1.0, 
    "statistics": {
        "std": 0.0026909623974871164, 
        "values": {
            "train": [
                0.008022076008715717, 
                0.00847250726658144, 
                0.007679199907311733, 
                0.009699826314388612, 
                0.007733492491474835
            ], 
            "validation": [
                0.010542903498165066, 
                0.01766914211986068, 
                0.010742214477980036, 
                0.015073118904037721, 
                0.013527176910321577
            ]
        }, 
        "mean": 0.013510911182073015
    }
}