{
    "f1_score": 0.9108778173088122, 
    "hyperparameters": {
        "momentum_type": "nesterov", 
        "activation": "sigmoid -> sigmoid -> sigmoid", 
        "reg_lambda": 0.0035927585169957064, 
        "eta": 0.6105106896732061, 
        "reg_method": "l2", 
        "alpha": 0.7956971912925752, 
        "topology": "17 -> 4 -> 8 -> 1"
    }, 
    "accuracy_score": 0.917, 
    "statistics": {
        "std": 0.024749657733961896, 
        "values": {
            "train": [
                0.015388376304471898, 
                0.00936296031175639, 
                0.014036923933078118, 
                0.02387554827672549, 
                0.023614573762637325
            ], 
            "validation": [
                0.027825531391411636, 
                0.08516682123932856, 
                0.020681316952678608, 
                0.018410729697541078, 
                0.030050494464884715
            ]
        }, 
        "mean": 0.03642697874916892
    }
}