{
    "f1_score": 0.9029292929292929, 
    "hyperparameters": {
        "momentum_type": "nesterov", 
        "activation": "sigmoid -> sigmoid -> sigmoid", 
        "reg_lambda": 0.0019015360076232307, 
        "eta": 0.6062442609053293, 
        "reg_method": "l2", 
        "alpha": 0.7731282928857375, 
        "topology": "17 -> 4 -> 8 -> 1"
    }, 
    "accuracy_score": 0.9096666666666666, 
    "statistics": {
        "std": 0.01555856151262389, 
        "values": {
            "train": [
                0.01704410354083679, 
                0.010165487897562433, 
                0.01005739448560213, 
                0.01000649866361417, 
                0.015593237143788565
            ], 
            "validation": [
                0.03892403650673663, 
                0.019573201630300033, 
                0.029461919226493365, 
                0.05164163887486539, 
                0.06339110482530838
            ]
        }, 
        "mean": 0.04059838021274076
    }
}