{
    "f1_score": 0.993103448275862, 
    "hyperparameters": {
        "momentum_type": "nesterov", 
        "activation": "sigmoid -> sigmoid -> sigmoid", 
        "reg_lambda": 0.0024526742741820895, 
        "eta": 0.603320358205361, 
        "reg_method": "l2", 
        "alpha": 0.6675662275220828, 
        "topology": "17 -> 4 -> 8 -> 1"
    }, 
    "accuracy_score": 0.9916666666666668, 
    "statistics": {
        "std": 0.0025320214208120304, 
        "values": {
            "train": [
                0.010003903419842374, 
                0.010007998486698233, 
                0.010000005628481795, 
                0.01000043979151069, 
                0.01000003359142832
            ], 
            "validation": [
                0.021794931799559835, 
                0.017649068586976076, 
                0.014296943167160662, 
                0.01566689144867991, 
                0.017090217987761554
            ]
        }, 
        "mean": 0.017299610598027607
    }
}