{
    "hyperparameters": {
        "error_goal": 0.0001, 
        "sigma_2": 0.2892539816078892, 
        "sigma_1": 0.0001, 
        "rho": 0.36734021958823926, 
        "d_m": "modified", 
        "max_epochs": 500, 
        "beta_m": "mhs", 
        "activation": "sigmoid -> sigmoid -> identity", 
        "topology": "10 -> 16 -> 32 -> 2"
    }, 
    "statistics": {
        "std": 0.10905983681132198, 
        "values": {
            "train": [
                1.0207811027968179, 
                0.7209928958971249, 
                0.7240121751770782
            ], 
            "validation": [
                1.2118765972718701, 
                1.372016687229232, 
                1.1067721847375322
            ]
        }, 
        "mean": 1.230221823079545
    }
}