{
    "accuracy_va": [
        0.6705336426914154, 
        0.6705336426914154, 
        0.6705336426914154, 
        0.6705336426914154, 
        0.6705336426914154, 
        0.6705336426914154, 
        0.5870069605568445, 
        0.6009280742459396, 
        0.6194895591647331, 
        0.6310904872389791, 
        0.6194895591647331, 
        0.62877030162413, 
        0.6194895591647331, 
        0.605568445475638, 
        0.6241299303944315, 
        0.6125290023201856, 
        0.5986078886310905, 
        0.6357308584686775, 
        0.654292343387471, 
        0.654292343387471, 
        0.6890951276102089, 
        0.6983758700696056, 
        0.6983758700696056, 
        0.7331786542923434, 
        0.7169373549883991, 
        0.740139211136891, 
        0.728538283062645, 
        0.7331786542923434, 
        0.7563805104408353, 
        0.7563805104408353, 
        0.7703016241299304, 
        0.765661252900232, 
        0.7819025522041764, 
        0.7726218097447796, 
        0.7911832946635731, 
        0.7935034802784223, 
        0.7819025522041764, 
        0.7935034802784223, 
        0.7888631090487239, 
        0.8074245939675174, 
        0.802784222737819, 
        0.814385150812065, 
        0.8236658932714617, 
        0.8306264501160093, 
        0.8538283062645011, 
        0.8631090487238979, 
        0.877030162412993, 
        0.877030162412993, 
        0.8863109048723898, 
        0.8909512761020881, 
        0.8909512761020881, 
        0.8955916473317865, 
        0.8909512761020881, 
        0.8955916473317865, 
        0.8932714617169374, 
        0.8979118329466357, 
        0.9002320185614849, 
        0.9002320185614849, 
        0.9211136890951276, 
        0.9396751740139211, 
        0.9419953596287703, 
        0.9466357308584686, 
        0.9071925754060325, 
        0.9466357308584686, 
        0.9489559164733179, 
        0.9419953596287703, 
        0.951276102088167, 
        0.9443155452436195, 
        0.951276102088167, 
        0.9535962877030162, 
        0.9048723897911833, 
        0.951276102088167, 
        0.9535962877030162, 
        0.9582366589327146, 
        0.9605568445475638, 
        0.9698375870069605, 
        0.9721577726218097, 
        0.9721577726218097, 
        0.9721577726218097, 
        0.9721577726218097
    ], 
    "error": [
        0.17764430134068945, 
        0.12331789432838719, 
        0.11874311941352589, 
        0.11840170209252879, 
        0.118299630888647, 
        0.1177866469529192, 
        0.11660909094659712, 
        0.1152493676828945, 
        0.11394911142009055, 
        0.11057099616446492, 
        0.11041126877028898, 
        0.10949755114942535, 
        0.10880868074186216, 
        0.10798291020293932, 
        0.10776727044457783, 
        0.10744388918563305, 
        0.10272284939057699, 
        0.10237351519445571, 
        0.10040807787959827, 
        0.09505342294624468, 
        0.09386840137934273, 
        0.08879166270578494, 
        0.07716058108754795, 
        0.07716058108754796, 
        0.07618698483960598, 
        0.07409400360745973, 
        0.06971662493525728, 
        0.06905363901609951, 
        0.06499613264507871, 
        0.056934973670476965, 
        0.05693497367047697, 
        0.054121289548590905, 
        0.053305838684214395, 
        0.051516202502709205, 
        0.04759590924057331, 
        0.045323094253443975, 
        0.043916112640806415, 
        0.04375616283359872, 
        0.043370617783332864, 
        0.04301270237968252, 
        0.04023354824144919, 
        0.03926292812127035, 
        0.036136276374244, 
        0.03367881393909269, 
        0.0313580536279001, 
        0.027830478752389542, 
        0.02650890663464119, 
        0.025783873064421342, 
        0.021900996970653685, 
        0.01924712521771046, 
        0.018028866398039682, 
        0.01794996027899092, 
        0.017779848244791143, 
        0.016845751087448905, 
        0.01607924088596745, 
        0.01600486526582085, 
        0.015878165337983495, 
        0.014195610552010558, 
        0.014152677118666235, 
        0.010520516773742397, 
        0.00945686254770787, 
        0.007805372044352102, 
        0.0074551309751387535, 
        0.007252396802270383, 
        0.007008442987366145, 
        0.006912046538923507, 
        0.006861014443545428, 
        0.006771125356754965, 
        0.006671364675018861, 
        0.006361432038318531, 
        0.006240558172129064, 
        0.006149161358393089, 
        0.005410109442100235, 
        0.0047439381031893785, 
        0.0031724923614633517, 
        0.0012239815642643857, 
        0.0003389711754296083, 
        0.0001916078159867416, 
        0.0001453810413040305, 
        0.00012378099441331402, 
        9.908667579524207e-05
    ], 
    "error_va": [
        0.11192763249702924, 
        0.11378812772803411, 
        0.11179417483783555, 
        0.11266465301148199, 
        0.11111555831253296, 
        0.11057698712499685, 
        0.11867295957271241, 
        0.11584759392226647, 
        0.11348490825231843, 
        0.11256376060183075, 
        0.11591055807685816, 
        0.11398384987419441, 
        0.11653910629781324, 
        0.11817893380721958, 
        0.11751842781464125, 
        0.11447106547009102, 
        0.11574658657111303, 
        0.11125157703771141, 
        0.11091140404630118, 
        0.101642514662893, 
        0.10267277220058432, 
        0.09487928030547405, 
        0.09487928030547407, 
        0.09163032385352438, 
        0.09660132341496938, 
        0.08863696288932936, 
        0.09423887196797147, 
        0.08713834716950955, 
        0.08683274225462642, 
        0.08683274225462645, 
        0.08179727938470918, 
        0.0827646223771458, 
        0.07888466638348164, 
        0.08142034433341881, 
        0.07598559832146284, 
        0.07609397333949122, 
        0.0774828295625828, 
        0.07391655342965417, 
        0.07778002778119013, 
        0.0730646684499618, 
        0.07423502785004, 
        0.0692479121802076, 
        0.06875495409139498, 
        0.06471073190461582, 
        0.05947364436916655, 
        0.05637042582445765, 
        0.05170511357078785, 
        0.0524297038109038, 
        0.047496267895175186, 
        0.04679423490956892, 
        0.04664727355723815, 
        0.04577417993809653, 
        0.0445901476239905, 
        0.04146642013124186, 
        0.04223405871093883, 
        0.040888396434550854, 
        0.03852190411176572, 
        0.038633817468429414, 
        0.029476085116820667, 
        0.02600253361951262, 
        0.026142003983522188, 
        0.02487731198519751, 
        0.027002000907296566, 
        0.024003527183477816, 
        0.02418981562612138, 
        0.024831931637247468, 
        0.02405774179817584, 
        0.024083478309533984, 
        0.02164785863489952, 
        0.02157238092813387, 
        0.02511414947268397, 
        0.021726030075343215, 
        0.024612410762058154, 
        0.019224707437323903, 
        0.017026208793254914, 
        0.01331791542094425, 
        0.012286319301715573, 
        0.01198301405250676, 
        0.011936092149326935, 
        0.011743601872186251, 
        0.011743601872186251
    ],