{
    "gradient_norm": [
        0.03969191406348261, 
        0.031075339593338518, 
        0.09045806686245342, 
        0.47500076682887143, 
        0.5264116319389126, 
        1.0531264606142516, 
        1.0244206026083091, 
        1.2618024550964588, 
        1.1329549622659472, 
        1.1329549622659474, 
        1.3725457540218056, 
        0.8969431589064316, 
        1.079765581634101, 
        1.0224669831665496, 
        0.8383555539839747, 
        1.1191364410453148, 
        0.760690729190305, 
        0.9577292996366277, 
        0.7296270549688805, 
        1.0362410241518236, 
        0.731844816546229, 
        1.0602889777189037, 
        0.7614762403129625, 
        1.0302389700400025, 
        0.7734328713394896, 
        0.9824727424674573, 
        0.8262256840358269, 
        1.165786803297482, 
        0.8726086246444529, 
        1.220178930120988, 
        0.8791888433079793, 
        0.9634221877317777, 
        1.1004261490694316, 
        0.9830652564024638, 
        0.920059062456406, 
        0.5876300352270037, 
        0.6300320802155729, 
        0.51119601117668, 
        0.5340109874257614, 
        0.04879397985548479, 
        0.02138768746641528, 
        0.01220348226697456
    ], 
    "accuracy_va": [
        0.6705336426914154, 
        0.6705336426914154, 
        0.6705336426914154, 
        0.6450116009280742, 
        0.6473317865429234, 
        0.6009280742459396, 
        0.6867749419953596, 
        0.6380510440835266, 
        0.7331786542923434, 
        0.7331786542923434, 
        0.6983758700696056, 
        0.7308584686774942, 
        0.7610208816705336, 
        0.7610208816705336, 
        0.7842227378190255, 
        0.765661252900232, 
        0.8097447795823666, 
        0.8051044083526682, 
        0.8074245939675174, 
        0.8306264501160093, 
        0.8422273781902552, 
        0.8352668213457076, 
        0.8584686774941995, 
        0.8631090487238979, 
        0.8863109048723898, 
        0.888631090487239, 
        0.9234338747099768, 
        0.91415313225058, 
        0.9559164733178654, 
        0.9419953596287703, 
        0.9791183294663574, 
        0.9814385150812065, 
        0.9651972157772621, 
        1.0, 
        0.9976798143851509, 
        1.0, 
        1.0, 
        1.0, 
        1.0, 
        1.0, 
        1.0, 
        1.0
    ], 
    "accuracy": [
        0.38095238095238093, 
        0.6190476190476191, 
        0.6190476190476191, 
        0.6190476190476191, 
        0.6309523809523809, 
        0.6011904761904762, 
        0.625, 
        0.7202380952380952, 
        0.6666666666666666, 
        0.7797619047619048, 
        0.7797619047619048, 
        0.8035714285714286, 
        0.75, 
        0.8452380952380952, 
        0.8392857142857143, 
        0.8154761904761905, 
        0.8452380952380952, 
        0.8630952380952381, 
        0.8809523809523809, 
        0.8630952380952381, 
        0.8809523809523809, 
        0.8988095238095238, 
        0.8869047619047619, 
        0.9226190476190477, 
        0.9107142857142857, 
        0.9464285714285714, 
        0.9345238095238095, 
        0.9583333333333334, 
        0.9642857142857143, 
        0.9761904761904762, 
        0.9940476190476191, 
        0.9880952380952381, 
        1.0, 
        1.0, 
        1.0, 
        1.0, 
        1.0, 
        1.0, 
        1.0, 
        1.0, 
        1.0, 
        1.0
    ], 
    "error_va": [
        0.11166373063703626, 
        0.11176342263759259, 
        0.11128744388746843, 
        0.1128379418883425, 
        0.11103992763957517, 
        0.1144137938354538, 
        0.10520214911359828, 
        0.10542737860995263, 
        0.08532909753598965, 
        0.08532909753598965, 
        0.08963084219282232, 
        0.07935026493101908, 
        0.08031238269743271, 
        0.07884559590574991, 
        0.07443559779554963, 
        0.07759505729562424, 
        0.06858475171376945, 
        0.07033537763721844, 
        0.06310228948158549, 
        0.06582949752281404, 
        0.058472259853423934, 
        0.06185714174748672, 
        0.054395541498499324, 
        0.05642068763515184, 
        0.04978694234552954, 
        0.04990687921790234, 
        0.0424071998333783, 
        0.041605311122340755, 
        0.03548809884839165, 
        0.0375254612305787, 
        0.030352353662706298, 
        0.029358161781659533, 
        0.029959155406085448, 
        0.01974496795990864, 
        0.015605279513920779, 
        0.010866413624185863, 
        0.010674885060640057, 
        0.005998845904267801, 
        0.0032148733353376353, 
        0.00033247337208721413, 
        0.00015267007314085236, 
        9.399684955280235e-05
    ], 
    "error": [
        0.13604018520056071, 
        0.1232062656032112, 
        0.11773454496836185, 
        0.11694940602412197, 
        0.11542635559391048, 
        0.1149400946387414, 
        0.10777615253427797, 
        0.1029129123977045, 
        0.09732356263001016, 
        0.07710596223289373, 
        0.07710596223289373, 
        0.0761408944053756, 
        0.07414187891806846, 
        0.06803909925507708, 
        0.06715633650133916, 
        0.06610589393246634, 
        0.06379785977101965, 
        0.05991969013018045, 
        0.0574258449899714, 
        0.055245552337974596, 
        0.05215011783452733, 
        0.050704550251568226, 
        0.04822006117346437, 
        0.04564148074099311, 
        0.043656610328174604, 
        0.04209419473378659, 
        0.03854878620027749, 
        0.036998708438741784, 
        0.030872949693695462, 
        0.02862134968528849, 
        0.027363893357804616, 
        0.024194554164420307, 
        0.02216404583241694, 
        0.02190426893325018, 
        0.019402628663948436, 
        0.010931161195885126, 
        0.009696491785171865, 
        0.007854239683999654, 
        0.005939066164232497, 
        0.002556888430923853, 
        0.00035157729341439494, 
        0.00015962326927535886, 
        9.090018831040549e-05
    ]
}