{
    "gradient_norm": [
        0.07275011538039604, 
        0.06370614477653624, 
        0.05992828490977277, 
        0.09124560596605598, 
        0.13844158971083836, 
        0.15811042643639656, 
        0.46591497597315923, 
        0.5546659650440907, 
        0.5740525050966293, 
        0.5550370308251279, 
        0.5946384779136206, 
        0.6038329086984461, 
        0.7060536474258194, 
        0.7291015644011524, 
        0.8231823232406915, 
        0.8023546407992572, 
        0.8744500655800695, 
        0.8527196394095995, 
        0.9467942093646488, 
        0.8998034643471335, 
        1.0327673161164288, 
        0.9082829014760482, 
        1.1255231600108242, 
        0.9162327504463658, 
        0.9944490950384316, 
        0.8871262541270009, 
        1.138906460706094, 
        3.2481349242381112, 
        0.7553478278882343, 
        0.4401953360467153, 
        0.3230404199626861, 
        0.8354828278604102, 
        0.7754082200975511, 
        0.7297862673593701, 
        0.6130930498722855, 
        0.6458190453586761, 
        0.6203848400348118, 
        0.613981479050731, 
        0.5638230688092235, 
        0.5363251549580259, 
        0.5228586666796335, 
        0.49091054355789315, 
        0.5177270245220781, 
        0.3187096102955492, 
        0.1514971676563523, 
        0.09143207975519407, 
        0.06295083253695495, 
        0.04335748476539776, 
        0.042197738202575316, 
        0.03656103146995122, 
        0.03341948235065726
    ], 
    "accuracy_va": [
        0.6705336426914154, 
        0.6705336426914154, 
        0.6705336426914154, 
        0.6705336426914154, 
        0.6705336426914154, 
        0.6705336426914154, 
        0.6635730858468677, 
        0.6589327146171694, 
        0.6148491879350348, 
        0.6705336426914154, 
        0.617169373549884, 
        0.6728538283062645, 
        0.5916473317865429, 
        0.679814385150812, 
        0.6728538283062645, 
        0.6960556844547564, 
        0.6821345707656613, 
        0.728538283062645, 
        0.6844547563805105, 
        0.7517401392111369, 
        0.691415313225058, 
        0.740139211136891, 
        0.679814385150812, 
        0.7587006960556845, 
        0.802784222737819, 
        0.8491879350348028, 
        0.8538283062645011, 
        0.7378190255220418, 
        0.9071925754060325, 
        0.9071925754060325, 
        0.9071925754060325, 
        0.91415313225058, 
        0.9814385150812065, 
        0.9814385150812065, 
        0.988399071925754, 
        0.988399071925754, 
        0.9837587006960556, 
        0.9837587006960556, 
        0.988399071925754, 
        0.988399071925754, 
        0.988399071925754, 
        0.9860788863109049, 
        0.9930394431554525, 
        0.9930394431554525, 
        0.9953596287703016, 
        0.9953596287703016, 
        0.9976798143851509, 
        0.9976798143851509, 
        0.9976798143851509, 
        0.9976798143851509, 
        0.9976798143851509
    ], 
    "accuracy": [
        0.6190476190476191, 
        0.6190476190476191, 
        0.6190476190476191, 
        0.6190476190476191, 
        0.6190476190476191, 
        0.6190476190476191, 
        0.6190476190476191, 
        0.6309523809523809, 
        0.6547619047619048, 
        0.6488095238095238, 
        0.6369047619047619, 
        0.6369047619047619, 
        0.6547619047619048, 
        0.6547619047619048, 
        0.6309523809523809, 
        0.7380952380952381, 
        0.6666666666666666, 
        0.7321428571428571, 
        0.75, 
        0.75, 
        0.7916666666666666, 
        0.7619047619047619, 
        0.7380952380952381, 
        0.75, 
        0.7857142857142857, 
        0.8571428571428571, 
        0.8988095238095238, 
        0.875, 
        0.7619047619047619, 
        0.9107142857142857, 
        0.9107142857142857, 
        0.9107142857142857, 
        0.9107142857142857, 
        0.9821428571428571, 
        0.9880952380952381, 
        1.0, 
        0.9940476190476191, 
        1.0, 
        1.0, 
        1.0, 
        1.0, 
        1.0, 
        1.0, 
        1.0, 
        1.0, 
        1.0, 
        1.0, 
        1.0, 
        1.0, 
        1.0, 
        1.0
    ], 
    "error_va": [
        0.11222051274014168, 
        0.11204396907589483, 
        0.11142441098676044, 
        0.11358275879702552, 
        0.11068965721124685, 
        0.1119634456186047, 
        0.11132743259046553, 
        0.11245882000990075, 
        0.1148108619011532, 
        0.11027297591480556, 
        0.11265607533231878, 
        0.1093010154579552, 
        0.11280773927510851, 
        0.10284810853053754, 
        0.1054031949501784, 
        0.09876766855333724, 
        0.10188567583144065, 
        0.09433267525750631, 
        0.09839901577266444, 
        0.08926690409506481, 
        0.09441436403739947, 
        0.08423345608379167, 
        0.09238662765256629, 
        0.0808420238863902, 
        0.07989075181616115, 
        0.07213531235259582, 
        0.06109052183664827, 
        0.06208680821452162, 
        0.0372990307973063, 
        0.03572105875592144, 
        0.027388736539357358, 
        0.021230479539386032, 
        0.01217309157399669, 
        0.01058959100701093, 
        0.010385703053550369, 
        0.009622329138261384, 
        0.007876833400482154, 
        0.00768573336701494, 
        0.007480584681354537, 
        0.006784373491608754, 
        0.006698249646704983, 
        0.006319135489741553, 
        0.004936254531911182, 
        0.003576059011100954, 
        0.0017692734228905013, 
        0.0016790902460413104, 
        0.0014960796991903946, 
        0.001328465031213132, 
        0.001312879290230468, 
        0.0012310212639126284, 
        0.0011774729182359982
    ], 
    "error": [
        0.1185512130445082, 
        0.11849024647672314, 
        0.11826821482091071, 
        0.11822436815653699, 
        0.11756176175986449, 
        0.11705715790905473, 
        0.11678886427050449, 
        0.11441220060553062, 
        0.11417686062799447, 
        0.11386520215554809, 
        0.11307908495853178, 
        0.11126455160670747, 
        0.11029742702993033, 
        0.10683267114185827, 
        0.10466371911268099, 
        0.09974163159928409, 
        0.09817157892980187, 
        0.09446020559193549, 
        0.09187535302700753, 
        0.08925919209451964, 
        0.08537048394065377, 
        0.08394959754804565, 
        0.08238641465082248, 
        0.08076533359444549, 
        0.07875914307319876, 
        0.07162004187700227, 
        0.06736819797306919, 
        0.061117482417823145, 
        0.055631848662355994, 
        0.03535541112839368, 
        0.0324382468167021, 
        0.025882529591611372, 
        0.020246362394801133, 
        0.011702898013141207, 
        0.009447185746175297, 
        0.008123063490688406, 
        0.00755953868565747, 
        0.006025578845172019, 
        0.005760162369210585, 
        0.005099956271199364, 
        0.003999459496531645, 
        0.003931744619297446, 
        0.0036632527877399723, 
        0.0028575231794159698, 
        0.0015616786349332999, 
        0.0003046255126069655, 
        0.0001510192562930863, 
        0.0001342218581538214, 
        0.00011707182133213822, 
        0.00011500218926393621, 
        0.00010514267386607187, 
        9.993383789679079e-05
    ]
}