{
    "accuracy_va": [
        0.6705336426914154, 
        0.6705336426914154, 
        0.6705336426914154, 
        0.6705336426914154, 
        0.6705336426914154, 
        0.6705336426914154, 
        0.6705336426914154, 
        0.5893271461716937, 
        0.568445475638051, 
        0.5777262180974478, 
        0.6705336426914154, 
        0.5614849187935035, 
        0.6728538283062645, 
        0.5893271461716937, 
        0.6705336426914154, 
        0.605568445475638, 
        0.7192575406032483, 
        0.740139211136891, 
        0.740139211136891, 
        0.7703016241299304, 
        0.7888631090487239, 
        0.8236658932714617, 
        0.8167053364269141, 
        0.8909512761020881, 
        0.9466357308584686, 
        0.8932714617169374, 
        0.9582366589327146, 
        0.9373549883990719, 
        0.9721577726218097, 
        0.9489559164733179, 
        0.9976798143851509, 
        0.9767981438515081, 
        1.0, 
        0.988399071925754, 
        0.9907192575406032, 
        1.0, 
        1.0, 
        1.0, 
        1.0, 
        1.0, 
        1.0, 
        1.0, 
        1.0, 
        1.0, 
        1.0, 
        1.0, 
        1.0, 
        1.0, 
        1.0, 
        1.0, 
        1.0, 
        1.0, 
        1.0, 
        1.0, 
        1.0, 
        1.0, 
        1.0, 
        1.0, 
        1.0, 
        1.0, 
        1.0, 
        1.0, 
        1.0, 
        1.0, 
        1.0, 
        1.0, 
        1.0, 
        1.0, 
        1.0, 
        1.0, 
        1.0, 
        1.0, 
        1.0, 
        1.0, 
        1.0, 
        1.0, 
        1.0, 
        1.0, 
        1.0
    ], 
    "error": [
        0.11929299769394637, 
        0.1187328620923058, 
        0.1185087351247324, 
        0.11815483509666476, 
        0.11800349372281069, 
        0.11688357893842269, 
        0.11685071626365635, 
        0.1155790588554949, 
        0.11136990992642523, 
        0.11025775671621178, 
        0.10699349908927151, 
        0.10417921530892553, 
        0.09970451936163698, 
        0.09675704032311398, 
        0.09371988272198618, 
        0.09109402207292734, 
        0.09055126219344882, 
        0.08536554255626577, 
        0.07552668896881004, 
        0.07552668896881005, 
        0.07543426341384464, 
        0.07357975584077694, 
        0.06907301559247037, 
        0.06436395243428429, 
        0.04311227175739753, 
        0.03914491809776287, 
        0.03761173246010229, 
        0.03364803492441998, 
        0.030088396784703632, 
        0.02908475543825164, 
        0.025749866546169477, 
        0.023024432917788825, 
        0.0204484789559596, 
        0.017186467751173228, 
        0.013862219358480839, 
        0.012418504516967056, 
        0.004749854628145064, 
        0.003082034747139991, 
        0.0022775616282061963, 
        0.0017346577205544903, 
        0.0008618717415244244, 
        0.0005775449057876958, 
        0.0004631298656874393, 
        0.0003370470309598523, 
        0.0003087881604100098, 
        0.0002858331684486962, 
        0.0002763806804102365, 
        0.00025818281615378076, 
        0.00024229719633019997, 
        0.0002416202406909096, 
        0.00023773649549978183, 
        0.0002242309622878387, 
        0.00021218794388226325, 
        0.00020960478075690106, 
        0.00019909333537231744, 
        0.0001895515984903449, 
        0.00018088544932872078, 
        0.00017911739223268092, 
        0.000171362097892282, 
        0.00016425227143986506, 
        0.0001577104032507126, 
        0.00015167093467509924, 
        0.00014607803255374272, 
        0.00014565601819042915, 
        0.0001404913248221089, 
        0.00013795824706501069, 
        0.00013331737727635456, 
        0.00012897916869843238, 
        0.0001249148905090891, 
        0.0001244153540855271, 
        0.00012062983526606762, 
        0.00011930550551893387, 
        0.00011582061227377691, 
        0.0001125337800304794, 
        0.0001094285545177247, 
        0.00010649025675940045, 
        0.00010384025615525153, 
        0.00010184002123666801, 
        0.00010021933380558091, 
        9.774945973868213e-05
    ], 
    "error_va": [
        0.11223485845520961, 
        0.11112533458464662, 
        0.11111817184814121, 
        0.11198631809022884, 
        0.11102037092302931, 
        0.10990811785520625, 
        0.11177186066685522, 
        0.11121070167082284, 
        0.11315282109080449, 
        0.11809574139044599, 
        0.10325229925377002, 
        0.10633471938355153, 
        0.0956711805204798, 
        0.10456239640102534, 
        0.091464687913375, 
        0.10295224800868065, 
        0.09109273617389206, 
        0.08102584854276824, 
        0.0810258485427683, 
        0.07578499475092318, 
        0.07686982843558, 
        0.06788751621387992, 
        0.053997815872231986, 
        0.04579425112806856, 
        0.037520553061716796, 
        0.04131899879740556, 
        0.031520664108572356, 
        0.03358676900417383, 
        0.02736033994200034, 
        0.029832916317135843, 
        0.022464408223231834, 
        0.024121877728071582, 
        0.018218281549625518, 
        0.016947981555486633, 
        0.009710029808972264, 
        0.006654888589900553, 
        0.004224537186798757, 
        0.0025162154026735126, 
        0.0036503920197368035, 
        0.0012024521632036703, 
        0.0007965736608322369, 
        0.0005242490715889215, 
        0.0003851432475074734, 
        0.0003587304148802385, 
        0.0003295706862059925, 
        0.0003192928674429435, 
        0.0002983036351244271, 
        0.0002793131888885285, 
        0.0002785105072674017, 
        0.00027390576148486417, 
        0.0002578883350448978, 
        0.0002435651163425769, 
        0.0002404946472633492, 
        0.00022801817262542722, 
        0.00021670970651405572, 
        0.00020645864052789295, 
        0.0002043695849103547, 
        0.0001952189745377346, 
        0.0001868470857689483, 
        0.0001791596795160274, 
        0.00017207677944790277, 
        0.00016553024166683525, 
        0.00016503681156750734, 
        0.00015900361188286334, 
        0.0001560487202594707, 
        0.00015064193287082364, 
        0.0001455960917508212, 
        0.0001408763509643308, 
        0.00014029681348247478, 
        0.00013590829937047135, 
        0.0001343746525876756, 
        0.00013034254965356526, 
        0.00012654474084845238, 
        0.00012296141653305305, 
        0.0001195749268421693, 
        0.00011652426924310974, 
        0.0001142239109602162, 
        0.00011236150358280025, 
        0.0001095256298770105, 
        0.0001095256298770105
    ],