{
    "accuracy_va": [
        0.4733178654292343, 
        0.46867749419953597, 
        0.4733178654292343, 
        0.6148491879350348, 
        0.5266821345707656, 
        0.5081206496519721, 
        0.62877030162413, 
        0.9675174013921114
    ], 
    "error": [
        0.13000584191248896, 
        0.12672763607189338, 
        0.1258855463607317, 
        0.12289890739412838, 
        0.12084847442335779, 
        0.11960360074271513, 
        0.1093956251279493, 
        0.09020077213593217
    ], 
    "error_va": [
        0.12854003446112222, 
        0.12604709817341078, 
        0.12340489945903095, 
        0.11952874306456995, 
        0.11638533134518421, 
        0.10958641581342006, 
        0.071314807893499, 
        0.016241354729457997
    ], 
    "gradient_norm": [
        0.1063321756251785, 
        0.10754891214803353, 
        0.06860783784319846, 
        0.07779937208976316, 
        0.10595503871764016, 
        0.19808986607730894, 
        0.9633665494464382, 
        2.3760053324831765e-08
    ], 
    "time": [
        10.806, 
        18.313, 
        30.339000000000002, 
        36.93, 
        44.63, 
        53.992, 
        61.157000000000004, 
        67.439
    ], 
    "accuracy": [
        0.512396694214876, 
        0.512396694214876, 
        0.4628099173553719, 
        0.512396694214876, 
        0.5454545454545454, 
        0.48760330578512395, 
        0.5206611570247934, 
        0.5702479338842975
    ]
}