{
    "gradient_norm": [
        0.05286854707951384, 
        0.08752048805610466, 
        0.09167480976594326, 
        0.12306539406692683, 
        0.13136568351062175, 
        0.33350327391344364, 
        0.3512478597373276, 
        1.1355951613346773, 
        1.540428353087715, 
        1.6196446165436846, 
        1.5698589565092929, 
        1.4673693094653835, 
        1.2947588711013882, 
        1.2567474580706226, 
        1.213880065698091, 
        1.2221422725365267, 
        1.7936158399809843, 
        1.6738294784377636, 
        1.2566936188454592, 
        2.5522879049802216, 
        0.85739200032312, 
        0.6682227969474339, 
        0.6461953335584941, 
        0.5703286383246303, 
        0.513331724671281, 
        0.9203470362121786, 
        1.466112855231091, 
        1.3153236894850808, 
        1.364414082831321, 
        0.5152612600570418, 
        0.374131964185975, 
        0.08104290456287248, 
        0.0640621023022416, 
        0.04274345342005415, 
        0.04090257515490055, 
        0.035809275854791066, 
        0.031085583609085112, 
        0.02923021444666741, 
        0.026216201995793106, 
        0.025581730277093116, 
        0.023375806521924534, 
        0.022863645878026036, 
        0.021130353703400162, 
        0.020739380147909835, 
        0.019334180190146773, 
        0.01834245658990907, 
        0.01720114408002254, 
        0.01664434287474333, 
        0.016303054251251312, 
        0.015453243984984114, 
        0.014716289358298103, 
        0.014639353743361111, 
        0.013974174127409722, 
        0.013486326750002208, 
        0.012887631796045355, 
        0.01266533389892917, 
        0.012157876777204287, 
        0.011710209445089208, 
        0.011295934001889553
    ], 
    "accuracy_va": [
        0.4431554524361949, 
        0.5382830626450116, 
        0.5568445475638051, 
        0.580046403712297, 
        0.5591647331786543, 
        0.5638051044083526, 
        0.654292343387471, 
        0.7122969837587007, 
        0.7308584686774942, 
        0.7633410672853829, 
        0.7679814385150812, 
        0.7865429234338747, 
        0.8074245939675174, 
        0.814385150812065, 
        0.8120649651972158, 
        0.8236658932714617, 
        0.7865429234338747, 
        0.777262180974478, 
        0.8700696055684455, 
        0.888631090487239, 
        0.8422273781902552, 
        0.8955916473317865, 
        0.8979118329466357, 
        0.9025522041763341, 
        0.9025522041763341, 
        0.9373549883990719, 
        0.9303944315545244, 
        0.9582366589327146, 
        0.9907192575406032, 
        1.0, 
        1.0, 
        0.9930394431554525, 
        0.9976798143851509, 
        0.9976798143851509, 
        0.9976798143851509, 
        0.9976798143851509, 
        0.9976798143851509, 
        0.9976798143851509, 
        0.9976798143851509, 
        0.9976798143851509, 
        0.9976798143851509, 
        0.9976798143851509, 
        0.9976798143851509, 
        0.9976798143851509, 
        0.9976798143851509, 
        0.9976798143851509, 
        0.9976798143851509, 
        0.9976798143851509, 
        0.9976798143851509, 
        0.9976798143851509, 
        0.9976798143851509, 
        0.9976798143851509, 
        0.9976798143851509, 
        0.9976798143851509, 
        1.0, 
        1.0, 
        1.0, 
        1.0, 
        1.0
    ], 
    "accuracy": [
        0.5284552845528455, 
        0.5121951219512195, 
        0.6260162601626016, 
        0.6178861788617886, 
        0.6422764227642277, 
        0.6178861788617886, 
        0.6747967479674797, 
        0.7479674796747967, 
        0.8292682926829268, 
        0.8455284552845529, 
        0.8699186991869918, 
        0.8699186991869918, 
        0.8861788617886179, 
        0.8943089430894309, 
        0.9024390243902439, 
        0.8943089430894309, 
        0.9024390243902439, 
        0.8943089430894309, 
        0.8943089430894309, 
        0.959349593495935, 
        0.959349593495935, 
        0.9512195121951219, 
        0.975609756097561, 
        0.975609756097561, 
        0.975609756097561, 
        0.975609756097561, 
        0.975609756097561, 
        0.975609756097561, 
        0.983739837398374, 
        1.0, 
        1.0, 
        1.0, 
        1.0, 
        1.0, 
        1.0, 
        1.0, 
        1.0, 
        1.0, 
        1.0, 
        1.0, 
        1.0, 
        1.0, 
        1.0, 
        1.0, 
        1.0, 
        1.0, 
        1.0, 
        1.0, 
        1.0, 
        1.0, 
        1.0, 
        1.0, 
        1.0, 
        1.0, 
        1.0, 
        1.0, 
        1.0, 
        1.0, 
        1.0
    ], 
    "error_va": [
        0.1255911053744594, 
        0.1243193154427303, 
        0.12426828798817233, 
        0.12367101561285408, 
        0.12320203323953519, 
        0.11814015850807509, 
        0.11656264424009333, 
        0.09674498200857468, 
        0.09602549856269024, 
        0.09073154516370661, 
        0.09032520329684637, 
        0.08751926688633187, 
        0.085403250270432, 
        0.08424683467554242, 
        0.08415143556865998, 
        0.0797508975003996, 
        0.07770195201601367, 
        0.07402634644727311, 
        0.05669795843636323, 
        0.05168905769989282, 
        0.05668690503289639, 
        0.04581457200678721, 
        0.04552517375414148, 
        0.045085623395527255, 
        0.04168622372947229, 
        0.03538019744315626, 
        0.03099627623681131, 
        0.015246544842076173, 
        0.004774280721990053, 
        0.0029200137051744795, 
        0.0023514282583591674, 
        0.00289159612858399, 
        0.0026043807631293218, 
        0.0020252028041806164, 
        0.0020166388234331067, 
        0.0019450780486893894, 
        0.0017820736238781038, 
        0.0017138452260191809, 
        0.0016118061059961814, 
        0.0015851997812791124, 
        0.0015006579484440374, 
        0.001477571455925806, 
        0.001406642886586206, 
        0.0013879662150540835, 
        0.0013272242363534113, 
        0.0012771949414032914, 
        0.0012277011302248065, 
        0.0011980483501168424, 
        0.0011825659130032774, 
        0.0011415614830858009, 
        0.0011039415629272326, 
        0.0010995683808475176, 
        0.0010652285753815118, 
        0.0010367517584804582, 
        0.0010069852555736254, 
        0.0009936206632900509, 
        0.0009667676695331586, 
        0.0009416398930867251, 
        0.0009180642833097245
    ],