DATASET,TOT,BACKWARD,LS,DIRECTION
MONKS_1,96794.43000000001,7268.372999999793,1.0,1.0
