{
    "hyperparameters": {
        "sigma_2": 0.3902843582444281, 
        "sigma_1": 0.0001, 
        "rho": 0.17259389861995889, 
        "d_m": "modified", 
        "beta_m": "mhs", 
        "activation": "sigmoid -> sigmoid -> sigmoid", 
        "topology": "17 -> 4 -> 8 -> 1"
    }, 
    "statistics": {
        "std": 0.03503574579706241, 
        "f1_score": 0.425015479876161, 
        "accuracy_score": 0.5703703703703704, 
        "values": {
            "train": [
                0.2234411797290636, 
                0.1637280196306283, 
                0.15873635503684758, 
                0.18606152557273742, 
                0.12307805057168075
            ], 
            "validation": [
                0.1166407844174971, 
                0.1311323191684098, 
                0.20033596227271588, 
                0.1851091022691849, 
                0.11992821002066066
            ]
        }, 
        "mean": 0.1506292756296937
    }
}