{
    "hyperparameters": {
        "momentum_type": "nesterov", 
        "activation": "sigmoid -> sigmoid -> sigmoid", 
        "reg_lambda": 0.0, 
        "eta": 6.829883016274415, 
        "reg_method": "l2", 
        "alpha": 0.5564542761403839, 
        "topology": "17 -> 4 -> 8 -> 1"
    }, 
    "statistics": {
        "std": 0.02912073095309131, 
        "f1_score": 0.9666666666666668, 
        "accuracy_score": 0.9666666666666668, 
        "values": {
            "train": [
                7.684732149846957e-05, 
                6.004725167272419e-05, 
                8.325921275440331e-05, 
                0.01518148726658738, 
                6.916136906955321e-05
            ], 
            "validation": [
                0.0005787919322576058, 
                9.520530169972223e-05, 
                0.0003863359569285524, 
                0.07307307703283573, 
                3.140747599959903e-05
            ]
        }, 
        "mean": 0.014832963539944243
    }
}