{
    "hyperparameters": {
        "momentum_type": "nesterov", 
        "activation": "sigmoid -> sigmoid -> sigmoid", 
        "reg_lambda": 0.0, 
        "eta": 5.980971583298836, 
        "reg_method": "l2", 
        "alpha": 0.7856077982567253, 
        "topology": "17 -> 4 -> 8 -> 1"
    }, 
    "statistics": {
        "std": 0.00014878568391747186, 
        "f1_score": 1.0, 
        "accuracy_score": 1.0, 
        "values": {
            "train": [
                2.3729132892838558e-05, 
                1.1353426382896826e-05, 
                6.572168984721546e-06, 
                4.844426077294555e-06, 
                3.6687447874201386e-06
            ], 
            "validation": [
                0.00037731572455148156, 
                8.961113228262047e-06, 
                6.034213387569953e-06, 
                3.5253172770309585e-06, 
                3.034582713453482e-06
            ]
        }, 
        "mean": 7.97741902315596e-05
    }
}