DATASET,TOT,BACKWARD,LS,DIRECTION
CUP_,2176.6730000000002,850.5990000000006,1.0,1.0
