DATASET,TOT,BACKWARD,LS,DIRECTION
CUP_,8651.694000000001,3415.5199999999945,1.0,1.0
