{
    "hyperparameters": {
        "momentum_type": "nesterov", 
        "activation": "sigmoid -> sigmoid -> sigmoid", 
        "reg_lambda": 0.0, 
        "eta": 6.607426862724455, 
        "reg_method": "l2", 
        "alpha": 0.5308330932044794, 
        "topology": "17 -> 4 -> 8 -> 1"
    }, 
    "statistics": {
        "std": 1.2553301721310061e-05, 
        "f1_score": 1.0, 
        "accuracy_score": 1.0, 
        "values": {
            "train": [
                4.826430856525688e-05, 
                2.0509151847329608e-05, 
                1.2281732539705676e-05, 
                9.392159572231689e-06, 
                7.272859174404632e-06
            ], 
            "validation": [
                4.2880154875549894e-05, 
                1.9721459054771873e-05, 
                1.6564839064799384e-05, 
                9.797433747077771e-06, 
                7.726195768847683e-06
            ]
        }, 
        "mean": 1.933801650220932e-05
    }
}